jobName,compName,jobLocation,jobType,jobAddDate
Yazılım Mühendisi,CSK Elektrik Elektronik San ve Tic Ltd Şti,Ankara,Tam zamanlı,24
Yazılım Mühendisi,CS TECH,Ankara,Tam zamanlı,12
Yazılım Mühendisi,Akyapak Makine San. ve Tic. A.Ş.,Bursa,Tam zamanlı,0
Full Stack Developer,REFGEN BİYOTEKNOLOJİ ANONİM ŞİRKETİ,İstanbul(Asya),Tam zamanlı,0
Yazılım Mühendisi,ARG GRUP BİLİŞİM TEKNOLOJİ TİC. LTD. ŞTİ.,Ankara,Tam zamanlı,11
Yazılım Mühendisi (Typescript),YEŞİL YAZILIM LİMİTED ŞİRKETİ,Ankara,Tam zamanlı,6
Yazılım Geliştirme Uzmanı,Sistaş Sayısal İletişim San. ve Tic. A.Ş.,İstanbul(Asya),Tam zamanlı,7
Yazılım Mühendisi,LOY-MAK MAKİNE SAN. VE TİC. A.Ş.,Bursa,Tam zamanlı,14
.Net Yazılım Mühendisi,Bankalararası Kart Merkezi A.Ş.,İstanbul(Avr.),Tam zamanlı,3
Yazılım Mühendisi,Alpplas Endüstriyel Yatırımlar A.Ş.,İstanbul(Avr.),Tam zamanlı,0
Yazılım Mühendisi,SUNNY TEKNOLOJİ,İstanbul(Avr.),Tam zamanlı,0
Yazılım Mühendisi,AMDTEC Savunma Sanayi,İzmir,Tam zamanlı,43
Yazılım Mühendisi,Robosan Otomasyon A.ş,İstanbul(Asya),Tam zamanlı,19
Yazılım Mühendisi,Akyürek Makine Sanayi ve Ticaret A.Ş,Mersin,Tam zamanlı,21
Yazılım Mühendisi,BİLGE BİLGİSAYAR YAZILIM DONANIM SAN. TİC. LTD. Ş,İstanbul(Avr.),Tam zamanlı,14
Yazılım Verifikasyon Mühendisi,FİGESFİZİK VE GEOMETRİDE BİLGİSAYAR SİMÜLASYONU HİZMET TİCARET A.Ş.,Ankara,Tam zamanlı,14
Yazılım Mühendisi,YEO Teknoloji Enerji ve Endüstri A.Ş.,İstanbul(Asya),Tam zamanlı,17
Yazılım Mühendisi,EMSE A.Ş.,Ankara,Tam zamanlı,10
Software Engineer,VESTEL A.Ş.,İstanbul(Avr.),Tam zamanlı,18
ERP Proje Mühendisi,KABAN MAKİNA,İstanbul(Avr.),Tam zamanlı,7
Yazılım Mühendisi (Android),YEŞİL YAZILIM LİMİTED ŞİRKETİ,Ankara,Tam zamanlı,6
Yazılım Mühendisi,Cantek Soğutma Makinaları Turizm Sanayi ve Ticaret A.Ş.,Antalya,Tam zamanlı,7
Yazılım Mühendisi,Matriks Bilgi Dağıtım Hizmetleri A.Ş.,İstanbul(Avr.),Tam zamanlı,0
Full Stack Developer,Göksu Safi Işık Avukatlık Ortaklığı,İstanbul(Avr.),Tam zamanlı,0
Software Engineer – Software Licensing Team,Airties,"İstanbul (Tümü), İzmir",Tam zamanlı,0
Software Engineer- Wifi Software Delivery Team,Airties,İzmir,Tam zamanlı,0
Yazılım Mühendisi,Döktaş Dökümcülük Tic. ve San A.Ş,Manisa +1 il daha,Tam zamanlı,20
Yazılım Mühendisi,Havatek Makina San. ve Tic. A.Ş.,İzmir,Tam zamanlı,7
Software Engineer,Nurol BAE Systems Hava Sistemleri A.Ş.,Ankara,Tam zamanlı,49
Yazılım Mühendisi,ADM Elektrik Dağıtım Aş.,Denizli,Tam zamanlı,40
Mid/Senior Fullstack Developer,SUNTEK TEKNOLOJİ ANONİM ŞİRKETİ,İstanbul(Asya),Tam zamanlı,6
Yazılım Mühendisi,VTC Enerji A.Ş.,Kocaeli,Tam zamanlı,2
Machine Learning Engineer,NEW MIND BİLGİ YÖNETİM SİSTEMLERİ A.Ş,İstanbul(Avr.),Tam zamanlı,0
Yazılım Mühendisi (.Net),Türkiye Noterler Birliği,Ankara,Tam zamanlı,0
Yazılım Mühendisi,K2M BİLİŞİM BİLGİSAYAR SANAYİ VE TİCARET LİMİTED ŞİRKETİ,İzmir,Tam zamanlı,0
Junior Yazılım Mühendisi,Nevomes İleri Teknoloji A.Ş.,Kocaeli,Tam zamanlı,19
Uygulama Yazılım Mühendisi,Lentatek Uzay Havacılık ve Teknoloji A.Ş.,Ankara,Tam zamanlı,7
Yazılım Mühendisi,ALTIN YAPIM FİLM MEDYA ORG.VE BİLİŞİM A.Ş.,Ankara,Tam zamanlı,33
AR-GE Full Stack Yazılımcı,EN-EL-SA ENDÜSTRİYEL ELEKTRONİK İNŞ. TAA. SAN. TİC. LTD. ŞTİ. - ANTECH,Antalya,Tam zamanlı,3
Yazılım Mühendisi,Akgün Toprak San. ve Tic. A.Ş.,İstanbul(Asya),Tam zamanlı,3
Yazılım Mühendisi,SMART GÜNEŞ ENERJİSİ A.Ş,Kocaeli,Tam zamanlı,0
#Wifintelligence Career Track – Software Engineers,Airties,İstanbul (Tümü),Tam zamanlı,0
Yazılım Mühendisi,Bupa Acıbadem Sigorta A.Ş.,İstanbul(Asya),Tam zamanlı,0
Java Yazılım Mühendisi,Mavinci Bilişim San. ve Tic. A.Ş.,Ankara,Tam zamanlı,21
Yazılım Mühendisi - İstanbul,Simsoft Bilgisayar Teknolojileri,İstanbul(Asya),Tam zamanlı,18
Radar Yazılım Kıdemli Mühendisi,METEKSAN SAVUNMA SANAYİ A.Ş.,Ankara,Tam zamanlı,25
Yazılım Mühendisi,Ayesaş,Ankara,Tam zamanlı,12
Yazılım Mühendisi,Mekra Lang Otomotiv Yan Sanayi A.Ş.,Ankara,Tam zamanlı,14
Software Engineer,Inventiv,İstanbul(Asya),Tam zamanlı,6
Yazılım Mühendisi,Türkiye Noterler Birliği,Ankara,Tam zamanlı,0
Yazılım Mühendisi,CSK Elektrik Elektronik San ve Tic Ltd Şti,Ankara,Tam zamanlı,24
Yazılım Mühendisi,CS TECH,Ankara,Tam zamanlı,12
Yazılım Mühendisi,Akyapak Makine San. ve Tic. A.Ş.,Bursa,Tam zamanlı,0
Full Stack Developer,REFGEN BİYOTEKNOLOJİ ANONİM ŞİRKETİ,İstanbul(Asya),Tam zamanlı,0
Yazılım Mühendisi,ARG GRUP BİLİŞİM TEKNOLOJİ TİC. LTD. ŞTİ.,Ankara,Tam zamanlı,11
Yazılım Mühendisi (Typescript),YEŞİL YAZILIM LİMİTED ŞİRKETİ,Ankara,Tam zamanlı,6
Yazılım Geliştirme Uzmanı,Sistaş Sayısal İletişim San. ve Tic. A.Ş.,İstanbul(Asya),Tam zamanlı,7
Yazılım Mühendisi,LOY-MAK MAKİNE SAN. VE TİC. A.Ş.,Bursa,Tam zamanlı,14
.Net Yazılım Mühendisi,Bankalararası Kart Merkezi A.Ş.,İstanbul(Avr.),Tam zamanlı,3
Yazılım Mühendisi,Alpplas Endüstriyel Yatırımlar A.Ş.,İstanbul(Avr.),Tam zamanlı,0
Yazılım Mühendisi,SUNNY TEKNOLOJİ,İstanbul(Avr.),Tam zamanlı,0
Yazılım Mühendisi,AMDTEC Savunma Sanayi,İzmir,Tam zamanlı,43
Yazılım Mühendisi,Robosan Otomasyon A.ş,İstanbul(Asya),Tam zamanlı,19
Yazılım Mühendisi,Akyürek Makine Sanayi ve Ticaret A.Ş,Mersin,Tam zamanlı,21
Yazılım Mühendisi,BİLGE BİLGİSAYAR YAZILIM DONANIM SAN. TİC. LTD. Ş,İstanbul(Avr.),Tam zamanlı,14
Yazılım Verifikasyon Mühendisi,FİGESFİZİK VE GEOMETRİDE BİLGİSAYAR SİMÜLASYONU HİZMET TİCARET A.Ş.,Ankara,Tam zamanlı,14
Yazılım Mühendisi,YEO Teknoloji Enerji ve Endüstri A.Ş.,İstanbul(Asya),Tam zamanlı,17
Yazılım Mühendisi,EMSE A.Ş.,Ankara,Tam zamanlı,10
Software Engineer,VESTEL A.Ş.,İstanbul(Avr.),Tam zamanlı,18
ERP Proje Mühendisi,KABAN MAKİNA,İstanbul(Avr.),Tam zamanlı,7
Yazılım Mühendisi (Android),YEŞİL YAZILIM LİMİTED ŞİRKETİ,Ankara,Tam zamanlı,6
Yazılım Mühendisi,Cantek Soğutma Makinaları Turizm Sanayi ve Ticaret A.Ş.,Antalya,Tam zamanlı,7
Yazılım Mühendisi,Matriks Bilgi Dağıtım Hizmetleri A.Ş.,İstanbul(Avr.),Tam zamanlı,0
Full Stack Developer,Göksu Safi Işık Avukatlık Ortaklığı,İstanbul(Avr.),Tam zamanlı,0
Software Engineer – Software Licensing Team,Airties,"İstanbul (Tümü), İzmir",Tam zamanlı,0
Software Engineer- Wifi Software Delivery Team,Airties,İzmir,Tam zamanlı,0
Yazılım Mühendisi,Döktaş Dökümcülük Tic. ve San A.Ş,Manisa +1 il daha,Tam zamanlı,20
Yazılım Mühendisi,Havatek Makina San. ve Tic. A.Ş.,İzmir,Tam zamanlı,7
Software Engineer,Nurol BAE Systems Hava Sistemleri A.Ş.,Ankara,Tam zamanlı,49
Yazılım Mühendisi,ADM Elektrik Dağıtım Aş.,Denizli,Tam zamanlı,40
Mid/Senior Fullstack Developer,SUNTEK TEKNOLOJİ ANONİM ŞİRKETİ,İstanbul(Asya),Tam zamanlı,6
Yazılım Mühendisi,VTC Enerji A.Ş.,Kocaeli,Tam zamanlı,2
Machine Learning Engineer,NEW MIND BİLGİ YÖNETİM SİSTEMLERİ A.Ş,İstanbul(Avr.),Tam zamanlı,0
Yazılım Mühendisi (.Net),Türkiye Noterler Birliği,Ankara,Tam zamanlı,0
Yazılım Mühendisi,K2M BİLİŞİM BİLGİSAYAR SANAYİ VE TİCARET LİMİTED ŞİRKETİ,İzmir,Tam zamanlı,0
Junior Yazılım Mühendisi,Nevomes İleri Teknoloji A.Ş.,Kocaeli,Tam zamanlı,19
Uygulama Yazılım Mühendisi,Lentatek Uzay Havacılık ve Teknoloji A.Ş.,Ankara,Tam zamanlı,7
Yazılım Mühendisi,ALTIN YAPIM FİLM MEDYA ORG.VE BİLİŞİM A.Ş.,Ankara,Tam zamanlı,33
AR-GE Full Stack Yazılımcı,EN-EL-SA ENDÜSTRİYEL ELEKTRONİK İNŞ. TAA. SAN. TİC. LTD. ŞTİ. - ANTECH,Antalya,Tam zamanlı,3
Yazılım Mühendisi,Akgün Toprak San. ve Tic. A.Ş.,İstanbul(Asya),Tam zamanlı,3
Yazılım Mühendisi,SMART GÜNEŞ ENERJİSİ A.Ş,Kocaeli,Tam zamanlı,0
#Wifintelligence Career Track – Software Engineers,Airties,İstanbul (Tümü),Tam zamanlı,0
Yazılım Mühendisi,Bupa Acıbadem Sigorta A.Ş.,İstanbul(Asya),Tam zamanlı,0
Java Yazılım Mühendisi,Mavinci Bilişim San. ve Tic. A.Ş.,Ankara,Tam zamanlı,21
Yazılım Mühendisi - İstanbul,Simsoft Bilgisayar Teknolojileri,İstanbul(Asya),Tam zamanlı,18
Radar Yazılım Kıdemli Mühendisi,METEKSAN SAVUNMA SANAYİ A.Ş.,Ankara,Tam zamanlı,25
Yazılım Mühendisi,Ayesaş,Ankara,Tam zamanlı,12
Yazılım Mühendisi,Mekra Lang Otomotiv Yan Sanayi A.Ş.,Ankara,Tam zamanlı,14
Software Engineer,Inventiv,İstanbul(Asya),Tam zamanlı,6
Yazılım Mühendisi,Türkiye Noterler Birliği,Ankara,Tam zamanlı,0
Senior Software Engineer - Java,Cigna Sağlık Hayat ve Emeklilik A.Ş.,İstanbul (Tümü),Tam zamanlı,0
Software Engineer / Junior Software Engineer,Ekinoks Yazılım Ltd. Şti.,Ankara,Tam zamanlı,0
Yazılım Mühendisi,AGAKİM KİMYA SANAYİ VE TİCARET A.Ş.,Adana,Tam zamanlı,0
Yazılım Mühendisi,KAREL ELEKTRONİK SANAYİ VE TİCARET A.Ş.,İstanbul(Asya),Tam zamanlı,0
React Native Developer,PALADYUM ELEKTRONİK PARA VE ÖDEME HİZMETLERİ AŞ.,İstanbul(Avr.),Tam zamanlı,15
Backend Developer,LEDBİM BİLİŞİM DANIŞMANLIK VE TİCARET ANONİM ŞİRKETİ,Antalya,Tam zamanlı,10
Backend Developer,EŞARJ ELEKTRİKLİ ARAÇLAR ŞARJ SİSTEMLERİ A.Ş.,İstanbul (Tümü),Tam zamanlı,3
Back-End Developer,KOBİ ULUSLAR ARASI TANITIM A.Ş.,Konya,Tam zamanlı,0
Back-End Developer,WARPIRIS BİLİŞİM TEKNOLOJİLERİ ANONİM ŞİRKETİ,İstanbul(Avr.),Tam zamanlı,0
Back-End Developer,ENGLISH HOME,İstanbul(Asya),Tam zamanlı,0
Back-End Developer,FASTSOFT BİLİŞİM TEKNOLOJİ A.Ş,Ankara,Tam zamanlı,25
Full Stack Developer,BEAUTY TRAVELS 24 MEDIKAL TURIZM VE TICARET A.Ş,İstanbul (Tümü),Tam zamanlı,2
Senior Software Developer,Gizli Firma,"İstanbul (Tümü), Ankara",Tam zamanlı,0
Mid / Senior Back-End Developer (Remote),Moneytolia,İstanbul(Avr.),Tam zamanlı,0
.Net Back-End Developer,Tümsaş Teknolojik End. Bilg. Ürün. A.Ş.,İstanbul(Asya),Tam zamanlı,0
Back-End Developer,BİTBU TEKNOLOJİ ANONİM ŞİRKETİ,İstanbul(Avr.),Tam zamanlı,10
Back-End Developer,Moda Selvim,İstanbul(Avr.),Tam zamanlı,0
Python Developer,Experis Turkey,İstanbul (Tümü),Tam zamanlı,17
Kıdemli Backend Yazılım Mühendisi,BAHÇEŞEHİR OKULLARI ANONİM ŞİRKETİ,Ankara,Tam zamanlı,10
Backend Developer (Node.Js),e adam,Antalya,Tam zamanlı,2
Backend Developer (Remote),ascatu GmbH,İstanbul (Tümü) +80 il daha,Tam zamanlı,2
Software Developer (Backend),D ELEKTRONİK ŞANS OYUNLARI VE YAYINCILIK A.Ş.,İstanbul(Avr.),Tam zamanlı,17
Back-End Developer,Pozitera Perakende Geliştirme Hizmetleri Tic. A.Ş.,İstanbul(Avr.),Tam zamanlı,0
Back-End Developer,WOFDEX FİNANSAL TEKNOLOJİ HİZMETLERİ VE DANIŞMANLIK ANONİM ŞİRKETİ,Bursa,Tam zamanlı,0
Back-End Developer,Aceka Holding A.Ş,İstanbul(Avr.),Tam zamanlı,17
Full Stack Developer,Netaş Telekomünikasyon A.Ş,"İstanbul(Asya), Ankara",Tam zamanlı,17
Front End Developer,Ekinoks Yazılım Ltd. Şti.,Ankara,Tam zamanlı,0
Eba/Csp Workflow Developer,Memorial Sağlık Grubu,İstanbul(Asya),Tam zamanlı,0
Yazılım Mühendisi,Pratik Aday Servisi,Bursa,Tam zamanlı,5
Uzman Yazılım Mühendisi,C Tech Bilişim Teknolojileri San. ve Tic. A.Ş.,İstanbul(Asya),Tam zamanlı,0
Uzman Yazılım Mühendisi,KAREL ELEKTRONİK SANAYİ VE TİCARET A.Ş.,Ankara,Tam zamanlı,0
Customer Success Software Engineer,Gizli Firma,"İstanbul(Asya), Kocaeli",Tam zamanlı,6
Uzman Yazılım Mimarı,AKTEK Bilgi İletişim Teknolojisi Sanayi ve Ticaret A.Ş.,İstanbul(Avr.),Tam zamanlı,13
C++ Uzman Yazılım Mühendisi,Netaş Telekomünikasyon A.Ş,İstanbul (Tümü),Tam zamanlı,35
Önyüz (Front-End) Geliştirme Mühendisi,Proline Bilişim Sistemleri ve Tic. A.Ş.,İstanbul(Asya) +2 il daha,Tam zamanlı,4
Uzman Yazılım Mühendisi,Simsoft Bilgisayar Teknolojileri,İstanbul(Asya),Tam zamanlı,31
Full Stack Developer,Proline Bilişim Sistemleri ve Tic. A.Ş.,İstanbul(Asya) +2 il daha,Tam zamanlı,2
Yazılım Tasarım Mühendisi,METEKSAN SAVUNMA SANAYİ A.Ş.,İstanbul(Avr.),Tam zamanlı,5
Yazılım Tasarım Mühendisi,Accelerate Simülasyon Bilişim Teknolojileri Mühendislik Danismanlik A.Ş.,Ankara,Tam zamanlı,0
Yazılım Tasarım Mühendisi,Accelerate Simülasyon Bilişim Teknolojileri Mühendislik Danismanlik A.Ş.,Ankara,Tam zamanlı,0
Yazılım Tasarım Mühendisi,KALE ARGE,İstanbul(Asya),Tam zamanlı,13
Software Design Engineer,Netaş Telekomünikasyon A.Ş,İstanbul(Asya),Tam zamanlı,17
Senior Java Team Lead,Experis Turkey,İstanbul (Tümü),Tam zamanlı,56
Java Yazılım Mühendisi,Simsoft Bilgisayar Teknolojileri,Ankara,Tam zamanlı,20
Yazılım Mühendisi,Cybersoft,Ankara,Tam zamanlı,0
Java Yazılım Mühendisi,İKM Bilişim,Ankara,Tam zamanlı,11
Java Yazılım Mühendisi,TNB Bilişim Teknolojileri Sanayi ve Ticaret A.Ş.,Ankara,Tam zamanlı,17
Senior Java Software Engineer,METASİS TEKNOLOJİ TİCARET LTD. ŞTİ.,İstanbul(Asya),Tam zamanlı,0
Java Developer,AMARIS TEKNOLOJİ İSTANBUL DANIŞMANLIK LTD.ŞTİ.,İstanbul (Tümü),Tam zamanlı,21
Java Yazılım Geliştirme Mühendisi,KOCAELİ KAYA SATIŞ VE PAZARLAMA A.Ş.,Kocaeli,Tam zamanlı,21
Java Developer,Kafein Yazılım Hizmetleri Tic. A.Ş.,İstanbul(Avr.),Tam zamanlı,4
Java Yazılım Mühendisi,ASELSAN ELEKTRONİK SAN. VE TİC. A.Ş.,Ankara,Tam zamanlı,4
Kıdemli Java Yazılım Mühendisi,Simsoft Bilgisayar Teknolojileri,Ankara,Tam zamanlı,20
Kıdemli Uygulama Geliştirme Uzmanı,Turkcell Global Bilgi,İstanbul (Tümü),Tam zamanlı,10
Kıdemli Uygulama Geliştirme Uzmanı,Turkcell Global Bilgi,İstanbul (Tümü),Tam zamanlı,18
Senior Application Services Specialist,Mey İçki Sanayi ve Ticaret A.Ş.,İstanbul(Avr.),Tam zamanlı,0
Java Uygulama Geliştirme Uzmanı,VİA BİLGİSAYAR SİSTEMLERİ LTD. ŞTİ.,Ankara,Tam zamanlı,4
.Net Yazılım Mühendisi,Pointo Teknoloji A.Ş.,"İstanbul (Tümü), Ankara",Tam zamanlı,0
Web Yazılım Uzmanı,İKOVAN BİLİŞİM LTD.ŞTİ,İstanbul(Avr.),Tam zamanlı,14
ASP.NET Yazılım Mühendisi,Ante Grup Bilişim Ticaret A.Ş.,Ankara,Tam zamanlı,3
.Net Yazılım Geliştirme Uzmanı,MBIS Danışmanlık,İstanbul (Tümü),Tam zamanlı,28
Gömülü Yazılım Mühendisi,Experis Turkey,İstanbul (Tümü),Tam zamanlı,56
Gömülü Yazılım Mühendisi,FENAC TEKNOLOJİ SANAYİ VE TİCARET LİMİTED ŞİRKETİ,İstanbul(Asya),Tam zamanlı,28
Gömülü Yazılım Mühendisi,İNFORM ELEKTRONİK SAN. VE TİC. A.Ş.,Kocaeli,Tam zamanlı,12
Embedded Software Engineer,ITAS İLERİ TEKNOLOJİ AKILLI SİSTEMLERİ ANONİM ŞİRKETİ,Ankara,Tam zamanlı,4
Gömülü Yazılım Mühendisi,Baylan Ölçü Aletleri (AOSB -ÇİĞLİ),İzmir,Tam zamanlı,4
Gömülü Yazılım Mühendisi,Berkin Savunma Sanayi Müh. Tic. A.Ş,İstanbul(Asya),Tam zamanlı,0
AR-GE Gömülü Yazılım Tasarım Mühendisi,MAVİLİ ELEKTRONİK TİC. SAN. AŞ.,İstanbul(Asya),Tam zamanlı,0
Gömülü Yazılımcı,DUALUS TEKN. ELEKT. EĞT. MÜH. ARAŞ. MAK. İLET. ENERJİ SAN. VE TİC.LTD. ŞTİ.,Ankara,Tam zamanlı,27
Senior Embedded Software Developer (C/C++),Siemens,İstanbul(Avr.),Tam zamanlı,8
Gömülü Yazılım Mühendisi,Conrad Dedektör Teknoloji ve Mühendislik Hizmetleri,İstanbul(Asya),Tam zamanlı,0
Gömülü Yazılım Mühendisi,DEMSAY ELEKTRONİK SAN. VE TİC. A.Ş.,İstanbul(Avr.),Tam zamanlı,0
Gömülü Yazılım Mühendisi,SAVRONİK ELEKTRONİKSANAYİ VE TİC.A.Ş.,Ankara,Tam zamanlı,26
Yazılım Tasarım Baş Mühendisi,METEKSAN SAVUNMA SANAYİ A.Ş.,Ankara,Tam zamanlı,17
Gömülü Yazılım Mühendisi,Digitest Ltd. Şti.,Ankara,Tam zamanlı,7
Gömülü Yazılım Mühendisi,Serra Enerji A.Ş.,Ankara,Tam zamanlı,6
Senior Embedded Software Engineer,Sunny Teknoloji,İstanbul(Avr.),Tam zamanlı,0
Gömülü Yazılım Mühendisi,FOTONİKS ASKERİ ELEKTRONİK VE ELEKTRO OPTİK SİS.S,Ankara,Tam zamanlı,0
Gömülü Yazılım Doğrulama Mühendisi,TEI-Tusaş Motor Sanayii A.Ş.,Eskişehir,Tam zamanlı,0
Gömülü Yazılım Mühendisi,AMDTEC Savunma Sanayi,İzmir,Tam zamanlı,43
Gömülü Yazılım Mühendisi,SVS Telekom,İstanbul(Asya),Tam zamanlı,21
Embedded Software Engineer,Electricfil Ünifil Otomotiv San Ve Tic AŞ,İstanbul(Asya),Tam zamanlı,21
Arge Mühendisi,Proted Protez Ortez Rehabilitasyon Merkezi,Ankara,Tam zamanlı,20
Gömülü Yazılım Mühendisi,Lentatek Uzay Havacılık ve Teknoloji A.Ş.,Ankara,Tam zamanlı,7
Gömülü Yazılım Mühendisi,SMS SANAYİ MALZEMELERİ ÜRETİM VE SATIŞI A.Ş,"İstanbul (Tümü), Kocaeli",Tam zamanlı,17
Gömülü Yazılım Mühendisi,AVCI SANAYİ SAVUNMA TİC. A.Ş.,Ankara,Serbest Zamanlı,2
Gömülü Sistemler Yazılım Geliştirme Mühendisi,TEI-Tusaş Motor Sanayii A.Ş.,Eskişehir,Tam zamanlı,0
Gömülü Yazılım Mühendisi,Best Grup Savunma Sanayi Tic. Ltd.Şti,Ankara,Tam zamanlı,26
Gömülü Yazılım Mühendisi,LİNKAS TEKNOLOJİ SANAYİ TİCARET A.Ş,Ankara,Tam zamanlı,7
Gömülü Yazılım Mühendisi,Lentatek Uzay Havacılık ve Teknoloji A.Ş.,İstanbul(Asya),Tam zamanlı,7
Embedded Software Development Engineer –...,Siemens,İstanbul(Avr.),Tam zamanlı,11
Embedded Firmware Engineer (Bursa-Gebze),DAİİCHİ ELEKTRONİK SAN.VE TİC.A.Ş.,Bursa +1 il daha,Tam zamanlı,4
Gömülü Yazılım Mühendisi,EARSİS MÜHENDİSLİK TEKNOLOJİLERİ VE ARAŞTIRMA GELİŞTİRME ÇÖZÜMLERİ LİMİTED ŞİRKETİ,Ankara,Tam zamanlı,26
Gömülü Yazılım Mühendisi,Lentatek Uzay Havacılık ve Teknoloji A.Ş.,İstanbul(Asya),Tam zamanlı,7
Gömülü Yazılım Mühendisi,BİRİKİM PİLLERİ BATARYA SANAYİ VE TİCARET LTD.ŞTİ.,İstanbul(Asya),Tam zamanlı,0
Gömülü Yazılım Mühendisi,Deka Elektronik San. ve Tic. A.Ş,İstanbul(Avr.),Tam zamanlı,0
Jr. Embedded Software Engineer,ENTES,İstanbul(Asya),Tam zamanlı,0
Integration & Software Developer - C#,Siemens,İstanbul(Avr.),Tam zamanlı,8
Software Development Engineer (C#/.Net),Siemens,İstanbul(Avr.),Tam zamanlı,8
Yazılım Geliştirme Mühendisi(Mobil),EAR TEKNİK İŞİTME VE ODİOMETRİ CİHAZLARI A.Ş.,Tekirdağ,Tam zamanlı,25
Software Development Engineer - Dfc,BOSCH SAN.TİC.A.Ş.,Bursa,Tam zamanlı,17
Experienced Software Development Engineer –...,Siemens,İstanbul(Avr.),Tam zamanlı,11
Senior Backend Developer,Hangikredi.com,İstanbul (Tümü),Tam zamanlı,13
Frontend Developer,Amadeus IT Services Turkey,İstanbul(Avr.),Tam zamanlı,13
Yazılım Geliştirme Mühendisi,Kuveyt Türk Katılım Bankası A.Ş.,"İstanbul(Asya), Kocaeli",Tam zamanlı,10
Software Specialist,Yiğit İnsan Kaynakları Danışmanlığı Limited Şirketi,Tekirdağ,Tam zamanlı,4
Yazılım Geliştirme Mühendisi(İzmir),Doruk,İzmir,Tam zamanlı,0
.Net Developer,Amaris Engineering & High Technologies,İstanbul (Tümü),Tam zamanlı,21
Diagnostics & Cybersecurity Engineer (Senior),Hexagon Studio,Kocaeli,Tam zamanlı,17
Software Developer,Organik Kimya,İstanbul(Avr.),Tam zamanlı,13
Yazılım Geliştirme Mühendisi,SOFT ROBOTİCS İNOVASYON YAZILIM VE DANIŞMANLIK ANONİM ŞİRKETİ,İstanbul(Asya),Tam zamanlı,11
Software Developer,Siemens,Ankara,Tam zamanlı,11
React Developer,JOTFORM YAZILIM A.Ş,Ankara,Tam zamanlı,7
Java Software Development Engineer,Amadeus IT Services Turkey,İstanbul(Avr.),Tam zamanlı,12
"Mid-Level Full Stack Developer (Java, Angular)...",Siemens,Ankara,Tam zamanlı,8
Kıdemli Yazılım Mühendisi,Utarit Bilişim Hizmetleri Sanayi ve Ticaret .A.ş,Ankara,Tam zamanlı,27
Software Development Engineer - Oms Engineer,BOSCH SAN.TİC.A.Ş.,Bursa,Tam zamanlı,17
Software Development Engineer C++,Siemens,Ankara,Tam zamanlı,21
Yazılım Geliştirme Uzmanı,Işıksoy Tekstil A.Ş,Bursa,Tam zamanlı,10
Yazılım Geliştirme Mühendisi,KEYDATA BİLGİ İŞLEM TEKNOLOJİ SİSTEMLERİ A.Ş.,Ankara,Tam zamanlı,6
Software Developer,Pratik Aday Servisi,İstanbul(Avr.),Tam zamanlı,4
Yazılım Geliştirme Mühendisi,İNTERDATA VERİ MERKEZİ VE ENTEGRASYON HİZMETLERİ A.Ş,Kocaeli,Tam zamanlı,0
Smart Product and Solutions Development Engineer,BRİSA BRİDGESTONE SABANCI LASTİK SANAYİ VE TİCARET ANONİM ŞİRKETİ,Kocaeli,Tam zamanlı,3
Software Development Engineer,Siemens,İstanbul(Avr.),Tam zamanlı,25
Full-Stack Developer (Cloud),Siemens,Ankara,Tam zamanlı,18
Full-Stack Developer (Iot/Cloud Apps),Siemens,İstanbul(Avr.),Tam zamanlı,18
C# Yazılım Geliştirme Uzmanı/Remote,"AKINSOFT, AKIN Yazilim Bilgisayar Ltd. Sti.",Konya,Tam zamanlı,7
Full Stack Nodejs. Developer /Remote,"AKINSOFT, AKIN Yazilim Bilgisayar Ltd. Sti.",Konya,Tam zamanlı,7
Yazılım Geliştirme Mühendisi,Biriz Ambalaj San. Tic. A.Ş,Gaziantep,Tam zamanlı,5
Software Development Engineer (C++),Siemens,Ankara,Tam zamanlı,11
Software Development Engineer (Full Stack),Siemens,İstanbul(Avr.),Tam zamanlı,11
Yazılım Geliştirme Mühendisi,Doruk,İstanbul(Asya),Tam zamanlı,3
Software Development Engineer - Image Process,BOSCH SAN.TİC.A.Ş.,Bursa,Tam zamanlı,3
Software Developer,MARS SİNEMA TURİZM VE SPORTİF TES. İŞL. A.Ş.,İstanbul(Avr.),Tam zamanlı,1
Full Stack Web Developer For Robotics,Phobos Robotik Sistemler Makina San.Tic. A.Ş.,İstanbul(Asya),Tam zamanlı,0
Yazılım Geliştirme Mühendisi,IDS Sistem Yapı San. ve Tic. A.Ş.,İstanbul(Avr.),Tam zamanlı,0
Yazılım Otomasyon Mühendisi,CW Enerji Mühendislik Ticaret ve Sanayi A.Ş.,Antalya,Tam zamanlı,0
Haberleşme Yazılım Geliştirme Mühendisi,Experis Turkey,İstanbul(Asya),Tam zamanlı,56
Java Developer,TEB - Türk Ekonomi Bankası,İzmir,Tam zamanlı,40
Yazılım Geliştirme Mühendisi,TOKEN FİNANSAL TEKNOLOJİLER ANONİM ŞİRKETİ,Ankara,Part Time,26
Plm Geliştirme Uzmanı,BMC POWER Motor ve Kontrol Teknolojileri A.Ş.,İstanbul(Asya),Tam zamanlı,19
Software Development Engineer - Grinding Process,BOSCH SAN.TİC.A.Ş.,Bursa,Tam zamanlı,3
Back-End Developer,Farmasi Kozmetik,İstanbul(Asya),Tam zamanlı,3
.Net Developer,MARTİ TEKNOLOJİ ANONİM ŞİRKETİ,İstanbul(Avr.),Tam zamanlı,0
Yazılım Geliştirme Mühendisi,Konveyör A.Ş.,İstanbul(Asya),Tam zamanlı,25
5G/6G Software Development Engineer/Architect,Siemens,İstanbul(Avr.),Tam zamanlı,21
Smart Start Software Development Engineer (Atmo),BOSCH SAN.TİC.A.Ş.,Bursa,Tam zamanlı,24
M+ Technology Software Specialist,M Plus,İstanbul(Avr.),Tam zamanlı,11
Yazılım ve Otomasyon Mühendisi,PCS Ltd.Şti.,Ankara,Tam zamanlı,11
React Developer,JOTFORM YAZILIM A.Ş,İstanbul (Tümü),Tam zamanlı,7
React Developer,JOTFORM YAZILIM A.Ş,İstanbul (Tümü),Tam zamanlı,7
Senior Java Developer,SNI,İstanbul(Avr.),Tam zamanlı,3
.Net Software Developer,Burgan Bank Türkiye,İstanbul(Avr.),Tam zamanlı,3
C++ Software Development Engineer,Amadeus IT Services Turkey,İstanbul(Avr.),Tam zamanlı,3
Software Development & Project Management Leader,TOYOTA BOSHOKU TÜRKİYE OTOMOTİV SAN.VE TİC.A.Ş.,Sakarya,Tam zamanlı,0
Yazılım Geliştirme Mühendisi,Kurye Net Motorlu Kuryecilik ve Dağ. Hizm. A.Ş.,İstanbul(Asya),Tam zamanlı,0
Yazılım Uzmanı,Natustech,İstanbul(Asya),Tam zamanlı,24
.Net Yazılım Uzmanı,İstanbul Varlık Yönetimi AŞ,İstanbul(Avr.),Tam zamanlı,20
Yazılım Uzmanı,Kitaplar Gelsin,Mersin,Tam zamanlı,14
.Net Core / Angular Yazılım Geliştirme Uzmanı,YUCHISOFT,Kocaeli,Tam zamanlı,21
Back End Developer,Siyah Fikir,Ankara,Tam zamanlı,20
Senior Backend Developer,LELY TURKEY ÜRÜN GELISTIRME LIMITED SIRKETI,İstanbul(Asya),Tam zamanlı,11
Yazılım Uzmanı,Wall Street English-Turkiye,İstanbul(Avr.),Serbest Zamanlı,9
Yazılım Uzmanı,AYTEMİZ AKARYAKIT DAĞITIM ANONİM ŞİRKETİ,İstanbul(Asya),Tam zamanlı,7
Yazılım Uzmanı,BDH Bilişim Destek Hizmetleri San. ve Tic. A.Ş.,İstanbul(Asya),Tam zamanlı,7
Yazılım Uzmanı,Grup Florence Nightingale Hastaneleri,İstanbul (Tümü),Tam zamanlı,20
Yazılım Uzmanı,Ege Seramik A.Ş,İzmir,Tam zamanlı,5
Yazılım Uzmanı,Koton,İstanbul(Avr.),Tam zamanlı,0
Yazılım Uzmanı,Moda Selvim,İstanbul(Avr.),Tam zamanlı,0
Yazılım Uzmanı,Mobilcode,İstanbul(Avr.),Tam zamanlı,0
Yetiştirilmek Üzere Yazılım Uzmanı,Fenerbahçe Üniversitesi,İstanbul(Asya),Tam zamanlı,0
Yazılım Uzmanı,Axa Sigorta A.Ş,İstanbul(Avr.),Tam zamanlı,0
Yazılım Uzmanı,Aktif Bilgi İşlem Ltd. Şti.,Antalya,Tam zamanlı,0
Frontend Yazılım Uzmanı,ALCON GROUP DIŞ TİCARET LİMİTED ŞİRKETİ,İstanbul (Tümü),Tam zamanlı,25
Yazılım Uzmanı/ Uzman Yardımcısı,Akademetre Research & Strategic Planning,İstanbul(Avr.),Tam zamanlı,24
Yazılım Uzmanı,Gizli Firma,İstanbul(Asya),Tam zamanlı,27
Yazılım Uzmanı,Kıraç Elektrik San. ve Tic. Ltd. Şti.,Eskişehir,Tam zamanlı,12
Backend Developer,SANALİRA TEKNOLOJİ VE TİCARET ANONİM ŞİRKETİ,İstanbul(Asya),Tam zamanlı,10
Senior .Net Software Developer,VERİKET BİLİŞİM GÜVENLİĞİ ANONİM ŞİRKETİ,Bursa,Tam zamanlı,13
Front End Developer,MİLTEKS TEKS SAN.VETİC. A.Ş.,İstanbul(Avr.),Tam zamanlı,17
Yazılım Uzmanı,Dener Makina San. ve Tic. Ltd. Şti.,Kayseri,Tam zamanlı,19
Yazılım Uzmanı,SET GRUP BİLİŞİM SANAYİ VE TİCARET LİMİTED ŞİRKETİ,Ankara,Proje Bazlı,14
Yazılım Uzmanı (Nodejs & Reactjs),BİNEGGER ENERJİ VE YAZILIM SANAYİ TİCARET ANONİM ŞİRKETİ,Bursa,Tam zamanlı,5
Yazılım Uzmanı(Machine Learning),IND Yazılım Bilişim Teknolojileri San. Tic. A.Ş.,İstanbul(Asya),Tam zamanlı,3
Yazılım Uzmanı,Özdemir Gümrük Müşavirliği,İstanbul(Avr.),Tam zamanlı,2
Yazılım Uzmanı,SEKTÖRSOFT YAZILIM ARGE A.Ş.,İstanbul(Avr.),Tam zamanlı,0
Frontend Yazılım Uzmanı,Özdilek / Holding,Bursa,Tam zamanlı,0
.Net Yazılım Uzmanı,Özdilek / Holding,Bursa,Tam zamanlı,0
Yazılım Uzmanı (Üretim Sistemleri),Yıldızlar Yatırım Holding A.Ş.,Kocaeli,Tam zamanlı,0
Kıdemli Yazılım Uzmanı,Özak Tekstil,İstanbul(Avr.),Tam zamanlı,0
Yazılım Uzmanı (Hibrit),MOBİTEK Bilişim Hizmetleri,İstanbul (Tümü),Tam zamanlı,0
Turkcell Kurumsal Çözüm Satış Temsilcisi,AYAZ GRUP TEKNOLOJİ İLETİŞİM HİZMETLERİ SAN. VE TİC.LTD.ŞTİ,Diyarbakır +10 il daha,Tam zamanlı,0
Yazılım Uzmanı,Ekom Araştırma ve Tanıtım Hizmetleri Dış.Tic.AŞ,İstanbul(Asya),Tam zamanlı,0
Yazılım Uzman Yardımcısı,Alarko Carrier,Kocaeli,Tam zamanlı,0
Arge Yazılım Uzmanı,DURMAZLAR MAKİNA SANAYİİ VE TİCARETA.Ş.,Bursa,Tam zamanlı,27
Yazılım Uzmanı,ARYOM İNŞAAT SANAYİ VE TİCARET A.Ş.,İzmir,Tam zamanlı,14
Train & Work Kampı Başlıyor!,Kuveyt Türk Katılım Bankası,İstanbul(Asya),Tam zamanlı,21
React Native Developer,ETE Arastirma Gelistirme Egitim Dan. Hiz.,İzmir,Tam zamanlı,12
Yazılım Uzmanı,Qualchem Dış Tic. Aş.,İstanbul(Avr.),Tam zamanlı,11
Yazılım Uzmanı ( Şişli ),BARSAN GLOBAL LOJİSTİK A.Ş.,İstanbul (Tümü),Tam zamanlı,5
SAP One Yazılım Uzmanı,BELKOFLEKS BASKI SANAYİ VE TİCARET A.Ş.,"İstanbul (Tümü), Kocaeli",Tam zamanlı,13
Yazılım Uzmanı,Mondi Turkey Oluklu Mukavva Kağıt ve Ambalaj Sanayi A.Ş,İstanbul(Asya),Tam zamanlı,13
Yazılım Uzmanı,Ege Seramik A.Ş,İzmir,Tam zamanlı,5
Yazılım Uzmanı (.Net),KAYAPORT TEKNOLOJİ HİZM. SAN. VE TİC. A.Ş.,İstanbul(Avr.),Tam zamanlı,3
Yazılım Uzmanı,FASTSOFT BİLİŞİM TEKNOLOJİ A.Ş,Ankara,Tam zamanlı,3
Senior .Net Developer,Teknosol Bilgisayar Yazılım Hizmetleri Ltd. Şti.,İstanbul(Asya),Tam zamanlı,0
Yazılım Uzmanı,Datateam Bilgi Teknolojileri Ltd. Şti.,Ankara,Tam zamanlı,0
Kıdemli Yazılım Mühendisi - Java,AKSİGORTA A.Ş.,İstanbul(Asya),Tam zamanlı,28
Yazılım Uzmanı,BORAT HARİTA BİLİŞİM,"İstanbul(Asya), Kocaeli",Tam zamanlı,27
Yazılım Uzmanı,Ektam Makine Sanayi ve Ticaret A.Ş.,İzmir,Tam zamanlı,26
Yazılım Uzmanı,Tezcanlar Yatırım A.Ş,Adana,Tam zamanlı,26
Jira Administrator (New Graduate),ALMBASE TEKNOLOJİ ANONİM ŞİRKETİ,İstanbul(Asya),Tam zamanlı,17
.Net Core Yazılım Uzmanı,"TÜRKTRUST Bilgi, İletişim ve Bilişim Güvenliği Hiz",Ankara,Tam zamanlı,17
Java Yazılım Uzmanı,Maro Uluslararası Bilgi Teknolojileri Danışmanlık Geliştirme Destek Hizmetleri Sanayi ve Ticaret Anonim Şirketi,İstanbul (Tümü) +2 il daha,Tam zamanlı,10
Kıdemli Yazılım Uzmanı,Prestij Yazılım ve Bilgi Sİstemleri A.Ş,Bursa,Tam zamanlı,14
Yazılım Uzmanı,Key Holding A.Ş.,İstanbul(Asya),Tam zamanlı,7
Yazılım Uzmanı,BİLİN YAZILIM VE BİLİŞİM DANIŞMANLIĞI A.Ş.,İstanbul(Avr.),Tam zamanlı,7
Yazılım Uzmanı,winsell,İstanbul(Asya),Tam zamanlı,7
Yazılım Uzmanı,KADIN VE DEMOKRASİ VAKFI (KADEM VAKFI),İstanbul(Asya),Tam zamanlı,5
Yazılım Uzmanı,Netlog Lojistik Hizmetleri A.Ş.,İstanbul(Avr.),Tam zamanlı,3
Back-End Developer,Bimser Çözüm Yazılım Tic.A.Ş.,Kocaeli,Tam zamanlı,3
Oracle PL/SQL Developer,Agito Bilgisayar Yazılım ve Danışmanlık Hizmetleri Anonim Şirketi,"İstanbul (Tümü), İzmir",Tam zamanlı,4
BT Yazılım Uzmanı,Taha Giyim San. Ve Tic. A.Ş.,İstanbul(Avr.),Tam zamanlı,0
Yazılım Uzmanı,ÖZALTIN OTEL İŞLETMELERİ A.Ş. (Gloria Golf Resort-Gloria Verde Resort-Gloria Serenity Resort-Gloria Sports Arena),Antalya,Tam zamanlı,0
Canias ERP Uzmanı,B-PLAS BURSA PLAS MET İNŞ ENR MAD JEO TURZ VETAR SA VE Tİ AŞ,Bursa,Tam zamanlı,0
Yazılım Uzmanı,Acıbadem Mehmet Ali Aydınlar Üniversitesi,İstanbul(Asya),Tam zamanlı,0
Full Stack Developer,Athena Bilişim Çözümleri Tic. Ltd. Şti.,İstanbul (Tümü),Tam zamanlı,0
Yazılım Uzmanı,Yiğit Akü A.Ş.,Ankara,Tam zamanlı,0
Yazılım Uzmanı,Horoz Lojistik Kargo Hizmetleri ve Tic. A.Ş.,İstanbul(Avr.),Tam zamanlı,28
Frontend Developer,Sendeo Dağıtım Hizmetleri Anonim Şirketi,İstanbul(Avr.),Tam zamanlı,18
Full Stack Developer,BİRLEŞİK GÜMRÜK MÜŞAVİRLİĞİ LTD. ŞTİ.,Manisa +1 il daha,Tam zamanlı,20
Java Yazılım Kıdemli Uzmanı,Türkiye Sigorta A.Ş.,İstanbul(Avr.),Tam zamanlı,13
Yazılım Uzmanı,Arsal Otomotiv Sanayi ve Ticaret A.Ş.,İstanbul(Avr.),Tam zamanlı,13
Yazılım Uzmanı,YDA İNŞAAT SANAYİ VE TİCARET A.Ş.,Muğla,Tam zamanlı,11
Yazılım Uzmanı,Gulf Sigorta A.Ş.,İstanbul(Asya),Tam zamanlı,10
Java Yazılım Uzmanı (Spring),Maro Uluslararası Bilgi Teknolojileri Danışmanlık Geliştirme Destek Hizmetleri Sanayi ve Ticaret Anonim Şirketi,İstanbul (Tümü) +2 il daha,Tam zamanlı,10
Yazılım Uzmanı,Arkas Holding,İzmir,Tam zamanlı,11
Plc – Scada Yazılım Uzmanı,Oskon Elektrik Elektronik Makina San Tic. Ltd.,İstanbul(Asya),Tam zamanlı,11
Senior Network Opr.&Infrastructure Specialist,Turkcell ve Grup Şirketleri,Kayseri,Tam zamanlı,6
Workcube & Coldfusion Yazılım Uzmanı,SECOM AKTİF ELEKTRONİK GÜVENLİK ÇÖZÜMLERİ ANONİM ŞİRKETİ,İstanbul(Asya),Tam zamanlı,4
Yazılım Uzmanı,Özşanal Züccaciye Day. Tük. Mal. San.Tic. A.Ş.,İzmir,Tam zamanlı,4
Yazılım Uzmanı,ARCAN Makina Sanayi ve Ticaret A.Ş..,İzmir,Tam zamanlı,3
Yazılım Uzmanı,Pratik Aday Servisi,İstanbul(Asya),Tam zamanlı,2
Fullstack Developer,DIGITURK,İstanbul(Avr.),Tam zamanlı,0
Yazılım Geliştirme Uzmanı,OLKA SPOR MALZEMELERİ TİCARET A. Ş.,İstanbul(Avr.),Tam zamanlı,0
Yazılım Uzmanı,İstanbul Okan Üniversitesi,İstanbul(Asya),Tam zamanlı,0
Yazılım Uzmanı,BEYZANET AKADEMİ EĞİTİM E-TİCARET LİMİTED ŞİRKETİ,Bursa,Tam zamanlı,0
Yazılım Uzmanı(Frontend),SETSİS BİLİŞİM TEKNOLOJİLERİ SANAYİ VE TİCARET ANONİM ŞİRKETİ,İstanbul(Avr.),Tam zamanlı,0
Full-Stack Developer ( Net Core & Angular 2+ ),Algomedi Bilgi Teknolojileri,İzmir,Tam zamanlı,16
Yazılım Uzmanı,Elnur Gayrimenkul ve Yazılım Ticaret Limited Şirketi,Antalya,Tam zamanlı,16
PHP Software / Full Stack Developer (Remote),Maksimum İletişim Hizmetleri A.Ş.,İstanbul (Tümü),Tam zamanlı,20
Yazılım Uzmanı,Elnur Gayrimenkul ve Yazılım Ticaret Limited Şirketi,Antalya,Tam zamanlı,16
Full-Stack Developer ( Net Core & Angular 2+ ),Algomedi Bilgi Teknolojileri,İzmir,Tam zamanlı,16
Yazılım Uzmanı,KÜÇÜKÇALIK TEKSTİL SANAYİ VE TİCARET A.Ş,Bursa,Tam zamanlı,17
Mid-Level Yazılım Uzmanı,PALMET ENERJİ A.Ş.-PALMET ŞİRKETLER GRUBU,"İstanbul(Asya), Kocaeli",Tam zamanlı,17
M+ Technology Yazılım Uzmanı,CMC Turkey,İstanbul(Avr.),Tam zamanlı,11
Yazılım Uzmanı,Armiya Bilgi Teknolojileri Ltd. Şti.,Konya,Tam zamanlı,13
.Net Software Engineer,METASİS TEKNOLOJİ TİCARET LTD. ŞTİ.,İstanbul (Tümü),Tam zamanlı,7
Kıdemli Önyüz Geliştiricisi,CW Enerji Mühendislik Ticaret ve Sanayi A.Ş.,Antalya,Tam zamanlı,7
ERP Yazılım Uzmanı,TUS-DATA YAYINCILIK.EĞT.DANŞ.SAĞ.VE BİLGHİZ.SAN.TİC.A.Ş.,Ankara,Tam zamanlı,7
Yazılım Uzmanı,KVK TEKNOLOJİ ÜRÜNLERİ VE TİC.A.Ş.,İstanbul(Asya),Tam zamanlı,3
Yazılım Altyapı Uzmanı,Burgan Bank Türkiye,İstanbul(Avr.),Tam zamanlı,3
Yazılım Uzmanı,OTOM TEKNİK TEKSTİL ENDÜSTRİ ANONİM ŞİRKETİ,Sakarya,Tam zamanlı,3
ABAP Yazılım Uzmanı,Gemak Şirketler Grubu,İstanbul(Asya),Tam zamanlı,0
Yazılım İş Analisti,INDATA Endüstriyel Veri Teknolojileri,İstanbul(Asya),Tam zamanlı,7
C# Yazılım Uzmanı,Yıldızlar Yatırım Holding A.Ş.,Kocaeli,Tam zamanlı,0
Yazılım Uzmanı,Şok Marketler Ticaret A.Ş,İstanbul(Asya),Tam zamanlı,0
Yazılım Geliştirme Uzmanı,3G Tasarım Bilişim Teknolojileri Danışmanlık Elekt,Ankara,Tam zamanlı,0
Yazılım Uzmanı,Özgün Gıda Kozmetik Satış Dağıtım A.Ş.,Ankara,Tam zamanlı,0
PL/SQL Developer,Metasis Teknoloji Tic. Ltd. Şti.,İstanbul (Tümü),Tam zamanlı,0
Yazılım Uzmanı,AS GRUP,İzmir,Tam zamanlı,0
Yazılım Uzmanı (.Net),Kurumsal Destek Danışmanlık ve Yönetim A.Ş,İstanbul(Avr.),Tam zamanlı,0
Algorithm Engineer,CRONOM BİLİŞİM VE YAZILIM TEKNOLOJİLERİSAN.VE TİC.LTD.ŞTİ.,İstanbul(Avr.),Tam zamanlı,0
Kıdemli Java Yazılım Geliştirici,KEYDATA BİLGİ İŞLEM TEKNOLOJİ SİSTEMLERİ A.Ş.,Ankara,Tam zamanlı,16
Yazılım Uzmanı,Fuzul Grup - Fuzul Yapı İnşaat Pazarlama A.Ş.,İstanbul (Tümü),Tam zamanlı,7
Software Architect - C/C++,Siemens,İstanbul(Avr.),Tam zamanlı,8
Yazılım Mimarı,FASTSOFT BİLİŞİM TEKNOLOJİ A.Ş,Ankara,Tam zamanlı,3
"Software Architect (Full Stack, Hybrid)",Siemens,İstanbul(Asya),Tam zamanlı,13
Yazılım Mimarı,Sektöründe Lider Firma,İstanbul(Avr.),Tam zamanlı,0
Senior Embedded Software Development Engineer -...,Siemens,İstanbul(Avr.),Tam zamanlı,18
Senior Embedded Software Engineer,Nurol BAE Systems Hava Sistemleri A.Ş.,Ankara,Tam zamanlı,21
Kıdemli Gömülü Yazılım Mühendisi,Sektöründe Öncü Firma,"İstanbul(Asya), Kocaeli",Tam zamanlı,11
Senior Embedded Software Development Engineer,Datakom Elektronik Mühendislik Sanayi ve Ticaret A.Ş.,İstanbul(Asya),Tam zamanlı,0
Gömülü Yazılım ve Donanım AR-GE Yöneticisi,Zebra Elektronik A.Ş.,İstanbul(Asya),Tam zamanlı,0
Kıdemli Gömülü Yazılım Mühendisi,Alpplas Endüstriyel Yatırımlar A.Ş.,İstanbul (Tümü),Tam zamanlı,0
Uzman Gömülü Yazılım Mühendisi,C Tech Bilişim Teknolojileri San. ve Tic. A.Ş.,İstanbul(Asya),Tam zamanlı,0
PL/SQL Developer,PATİKA GLOBAL TEKNOLOJİ BİLGİ SİSTEMLERİ VE DANIŞMANLIK HİZMETLERİ ANONİM ŞİRKETİ,İstanbul (Tümü),Tam zamanlı,0
Kıdemli Java Yazılım Mühendisi,SmartICT Bilişim A.Ş,Ankara,Tam zamanlı,10
Kıdemli Yazılım Mühendisi,Ayesaş,Ankara,Tam zamanlı,12
Cloud Software Engineer (Fullstack Java),Airties,İstanbul(Avr.),Tam zamanlı,0
Senior Flutter Developer,HOP TEKNOLOJİ A.Ş.,Ankara,Tam zamanlı,0
Kıdemli Yazılım Mühendisi,EHSİM ELEKTRONİK HARP SİST.MÜH.TİC.A.Ş.,Ankara,Tam zamanlı,24
C# Software Engineer (M/W/X) - Senior,ICS Turkey İnformatik Danışmanlık Çözümleri Ltd.,İzmir,Tam zamanlı,4
Kıdemli Yazılım Mühendisi,MİLTEKSAN CNC Teknoloji ve Kontrol Sistemleri San. A.Ş.,İstanbul(Asya),Tam zamanlı,7
Kıdemli Yazılım Mühendisi,Ayesaş,Ankara,Tam zamanlı,12
Kıdemli Yazılım Mühendisi,ICterra Bilgi ve İletişim Teknolojileri San. ve Tic. A.Ş.,Ankara,Tam zamanlı,31
Kıdemli Yazılım Mühendisi,SUNNY TEKNOLOJİ,İstanbul(Avr.),Tam zamanlı,0
Kıdemli Yazılım Mühendisi (.Net C#),Matriks Bilgi Dağıtım Hizmetleri A.Ş.,İstanbul (Tümü),Tam zamanlı,0
Kıdemli Yazılım Mühendisi,Datateam Bilgi Teknolojileri Ltd. Şti.,Ankara,Tam zamanlı,0
Kıdemli Yazılım Mühendisi,Ayesaş,Ankara,Tam zamanlı,12
Kıdemli Yazılım Mühendisi,Ayesaş,Ankara,Tam zamanlı,12
Senior Backend Developer - Hybrid,Peoplise,İstanbul (Tümü),Tam zamanlı,13
Kıdemli Yazılım Mühendisi,Milmast Yükseltme Sistemleri AŞ.,Ankara,Tam zamanlı,4
Yazılım Sistem Uzmanı,Mosi Tekstil,İzmir,Tam zamanlı,0
Yazılım Geliştirme Uzmanı,Gizli Firma,İstanbul(Avr.),Tam zamanlı,24
.Net Yazılım Uzmanı,ERSA İTHALAT VE TİCARET ANONİM ŞİRKETİ,İstanbul(Asya),Tam zamanlı,20
Yazılım Geliştirme Uzmanı,365 DERECE EĞİTİM DANIŞMANLIK VE MEDYA HİZMETLERİ LTD.ŞTİ.,İstanbul(Asya),Tam zamanlı,20
Full-Stack Developer,Genomize,İstanbul(Avr.),Tam zamanlı,8
Linux Developer,Siemens,İstanbul(Avr.),Tam zamanlı,8
Software Developer in Test - Java,Siemens,İstanbul(Avr.),Tam zamanlı,8
Yazılım Geliştirme Uzmanı,Mikrodev Bilişim Yazılım Elektronik San.Tic.LTD.ŞT,"İstanbul(Asya), Kocaeli",Tam zamanlı,12
Yazılım Geliştirme Uzmanı,ZER A.Ş,İstanbul(Asya),Tam zamanlı,10
Yazılım Geliştirme Uzmanı,SUBAŞI GÜMRÜK MÜŞAVİRLİĞİ LTD. ŞTİ.,İstanbul(Avr.),Tam zamanlı,7
Mıd Senior Java Yazılım Uzmanı,MEBITECH BİLİŞİM A.Ş.,İstanbul(Avr.),Tam zamanlı,6
Yazılım Geliştirme Uzmanı,VERİMSOFT YAZILIM VE DANIŞMANLIK ANONİM ŞİRKETİ,İstanbul (Tümü),Tam zamanlı,5
Yazılım Geliştirme Uzmanı,Marport Liman İşletmeleri San. ve Tic. A.Ş,İstanbul(Avr.),Tam zamanlı,3
Yazılım Geliştirme Uzmanı,GEA YAZILIM BİLİŞİM VE İLETİŞİM HİZMETLERİ SANAYİ,İstanbul(Avr.),Tam zamanlı,2
Yazılım Geliştirme Uzmanı,BEYÇELİK GESTAMP OTOMOTİV SANAYİ A.Ş.,Bursa,Tam zamanlı,0
Yazılım Geliştirme Uzmanı (Ödeme Sistemleri),Banksoft Bilişim Bilgisayar Hizmetleri A.Ş.,İstanbul(Asya),Tam zamanlı,0
Yazılım Geliştirme Uzmanı,SYK GÜMRÜK MÜŞAVİRLİĞİ ANONİM ŞİRKETİ,İstanbul (Tümü),Tam zamanlı,0
Yazılım Geliştirme Uzmanı,SDS SATIŞ DESTEK SİSTEMLERİ PAZARLAMA VE TİC.A.Ş.,İstanbul(Asya),Tam zamanlı,0
Yazılım Geliştirme Uzmanı,Sektöründe Lider Firma,İstanbul(Asya),Tam zamanlı,0
Software Developer (.Net),Endeksa,Ankara,Tam zamanlı,27
Kıdemli Java Yazılım Uzmanı (Ankara),AssisTT AŞ.,Ankara,Tam zamanlı,26
.Net Yazılım Geliştirme Uzmanı,MBIS Danışmanlık,Ankara,Tam zamanlı,21
Yazılım Mühendisi / Bilgisayar Mühendisi,CBKSoft Yazılım Donanım Ltd. Şti.,Ankara,Tam zamanlı,21
Yazılım Geliştirme Uzmanı,Bilsa A.Ş.,İzmir,Tam zamanlı,20
Full Stack Developer,TOR Holding,İstanbul(Avr.),Tam zamanlı,11
Full Stack Developer,ENTEK İNSAN KAYNAKLARI EĞT.HİZM.VE DAN.TİC.A.Ş.,İstanbul(Asya),Tam zamanlı,11
Yazılım Geliştirme Uzmanı,İzmirgaz A.Ş.,İzmir,Tam zamanlı,5
Yazılım Geliştirme Uzmanı,Faturamatik Elektronik Para ve Ödeme Kuruluşu A.Ş.,İstanbul (Tümü),Tam zamanlı,5
React Geliştirme Uzmanı,VİSİOSOFT TEKNOLOJİ ANONİM ŞİRKETİ,İstanbul(Avr.),Tam zamanlı,5
Yazılım Geliştirme Uzmanı,PİLSAN PLASTİK VE OYUNCAK SAN.A.Ş.,Kırklareli,Tam zamanlı,5
Yazılım Uzmanı ( Entegrasyon ),BARSAN GLOBAL LOJİSTİK A.Ş.,İstanbul (Tümü),Tam zamanlı,4
Yazılım Geliştirme Uzmanı,Robo Otomasyon Müh.Elek.Mak. San.ve Tic. A.Ş.,Kocaeli,Tam zamanlı,4
Software Developer,SmartMessage,İstanbul(Asya),Tam zamanlı,3
Full-Stack Yazılım Geliştirme Uzmanı,ÇAĞATAY EVCİL HAYVAN MAMALARI VE YEM ÜRÜNLERİ SAN.,İzmir,Tam zamanlı,3
Yazılım Geliştirme Uzmanı,Gelecek Varlık Yönetimi A.Ş.,İstanbul (Tümü),Tam zamanlı,0
Yazılım Geliştirme Uzmanı (Java),Majorel Türkiye,İstanbul(Avr.),Tam zamanlı,0
Yazılım Geliştirme Uzmanı,Zurich Sigorta A.Ş,İstanbul (Tümü),Tam zamanlı,0
Yazılım Geliştirme Kıdemli Uzmanı,DİNÇER LOJİSTİK A.Ş,İstanbul(Asya),Tam zamanlı,0
.Net - PL/SQL Software Engineer,Cigna Sağlık Hayat ve Emeklilik A.Ş.,İstanbul(Asya),Tam zamanlı,0
Yazılım Geliştirme Uzmanı,DIGITURK,İstanbul(Avr.),Tam zamanlı,0
Yazılım Geliştirme Uzmanı,Echo Bilgi Yönetim Sistemleri A.Ş.,İstanbul(Asya),Tam zamanlı,28
Senior Full-Stack Developer (Java),Siemens,İstanbul(Avr.),Tam zamanlı,25
Yazılım Geliştirme Uzmanı,EROPA Bilgi İşlem Danışmanlık,İzmir +1 il daha,Tam zamanlı,19
Yazılım Geliştirme Uzmanı,Randstad Türkiye,İstanbul (Tümü),Tam zamanlı,19
Java Ee Yazılım Destek Uzmanı,İOVA BİLGİSAYAR YAZILIM VE REKLAM HİZ.SAN.TİC.LTD.ŞT,İzmir,Tam zamanlı,18
Software Developer (Muğla),Universal Yazılım A.Ş.,Muğla,Tam zamanlı,18
.Net Yazılım Geliştirme Uzmanı,Kalemzen Yazılım Ltd.Şti.,Ankara,Tam zamanlı,16
Yazılım Geliştirme Uzmanı,ABC Uluslararası Transport Tic. ve San. A.Ş,Kayseri,Tam zamanlı,31
Yazılım Geliştirme Uzmanı - Rize,Sampaş A.Ş.,Rize,Tam zamanlı,3
Yazılım Geliştirme Uzmanı (Software Developer),MANPOWER SEÇME VE YERLEŞTİRME HİZ.LTD.ŞTİ.,Ankara,Tam zamanlı,3
Yazılım Geliştirme Uzmanı,KAREL ELEKTRONİK SANAYİ VE TİCARET A.Ş.,"İstanbul(Asya), Ankara",Tam zamanlı,2
Full Stack Developer,TatilBudur.Com,İstanbul(Asya),Tam zamanlı,6
"Software Developer (Enterprise Apps),...",Siemens,Ankara,Tam zamanlı,8
Yazılım Geliştirme Uzmanı,SARP HAVACILIK LOJİSTİK TURİZM SANAYİ VE TİCARET ANONİM ŞİRKETİ,Eskişehir,Tam zamanlı,7
Yazılım Geliştirme Uzmanı,CGE KURUMSAL YÖNETİM DEĞER. VE YAZILIM HİZM. A.Ş.,İstanbul(Asya),Tam zamanlı,0
Yazılım Uzmanı,BİZİM TOPTAN SATIŞ MAĞAZALARI,İstanbul(Asya),Tam zamanlı,0
Yazılım Geliştirme Uzmanı (Web),MEDİCANA HASTANE İŞLETMECİLİĞİ A.Ş.,İstanbul(Asya),Tam zamanlı,0
Yazılım Geliştirme Uzmanı,DİA Yazılım Sanayi ve Ticaret A.Ş.,Ankara,Tam zamanlı,0
Frontend Angular Developer,Gözen Digital Aviation,İstanbul(Avr.),Tam zamanlı,0
.Net Developer,Gözen Digital Aviation,İstanbul(Avr.),Tam zamanlı,0
Yazılım Geliştirme Uzmanı (Delphi),Gözen Digital Aviation,İstanbul(Avr.),Tam zamanlı,0
Yazılım Geliştirme Uzmanı,YÖRE SÜT ÜRÜNLERİ GIDA VE İNŞAAT PAZARLAMA SANAYİ,Kocaeli,Tam zamanlı,54
Full Stack Web Developer,PUXO DİJİTAL DENEYİMLER İLETİŞİM REKLAMCILIK ANONİM ŞİRKETİ,İstanbul (Tümü) +6 il daha,Tam zamanlı,27
Software Development Engineer – Linux,Siemens,İstanbul(Avr.),Tam zamanlı,21
Yazılım Geliştirme Uzmanı,UNİEXPRESS İNTERNATİONAL HOLDİNG A.Ş,İstanbul(Asya),Tam zamanlı,21
Software Developer,Arvato Lojistik Dış Ticaret Ve E Ticaret Hizmetleri A.Ş.,İstanbul(Asya),Tam zamanlı,17
PHP Developer,Extratik İnovatif Yaz.Hiz.Dijital Paz.Danış.A.Ş,İstanbul(Avr.),Tam zamanlı,26
Yazılım Geliştirme Uzmanı,Comdata Teknoloji ve Müşteri Hizmetleri A.Ş.,İstanbul(Asya),Tam zamanlı,7
Java Yazılım Geliştirme Uzmanı - Hybrid,Logo Yazılım San Ve Tic A.Ş.,Ankara,Tam zamanlı,6
Yazılım Geliştirme Uzmanı,BAŞARSOFT BİLGİ TEKNOLOJİLERİ A.Ş,Ankara,Tam zamanlı,6
Yazılım Geliştirme Uzmanı,Tron Elektronik Sistemler A.Ş.,İstanbul(Asya),Tam zamanlı,6
WinCC OA Engineer,Siemens,İstanbul(Avr.),Tam zamanlı,4
Yazılım Geliştirme Uzmanı,Cevher Jant Sanayi A.Ş.,İzmir,Tam zamanlı,3
Yazılım Geliştirme Uzmanı,Neutec Bilişim Teknolojileri Tic. A.Ş.,İstanbul(Avr.),Tam zamanlı,12
Yazılım Geliştirme Uzmanı,Biggplus,İstanbul(Asya),Tam zamanlı,0
Yazılım Geliştirme Uzmanı,Atılım Üniversitesi,Ankara,Tam zamanlı,0
Yazılım Geliştirme Uzmanı,Cesar Group Bilgi Teknolojileri A.Ş,İstanbul(Asya),Tam zamanlı,0
Yazılım Geliştirme Uzmanları,Sinerji Bilişim,İstanbul(Avr.),Tam zamanlı,0
Java Yazılım Uzmanı (Ankara),AssisTT AŞ.,Ankara,Tam zamanlı,26
Yazılım Geliştirme Uzmanı,TÜRKİYE SEYAHAT ACENTALARI BİRLİĞİ - TÜRSAB,İstanbul (Tümü),Tam zamanlı,25
Yazılım Geliştirme Uzmanı,Adecco,Ankara,Proje Bazlı,10
Mid Senior / Senior Backend Developer,Yukatech Bilişim A.Ş.,İstanbul(Avr.),Tam zamanlı,35
Yazılım Geliştirme Uzmanı,MAVİLİ ELEKTRONİK TİC. SAN. AŞ.,İstanbul(Asya),Tam zamanlı,5
Yazılım Geliştirme Uzmanı,Penta Teknoloji Ürünleri Dağıtım Ticaret A.Ş.,İstanbul(Asya),Tam zamanlı,4
Yazılım Geliştirme Uzmanı (Remote),Pratik Aday Servisi,İstanbul(Avr.),Tam zamanlı,3
Yazılım Geliştirme Uzmanı,Sampaş A.Ş.,İstanbul(Asya),Tam zamanlı,3
Yazılım Geliştirme Uzmanı,Borçelik,Bursa,Tam zamanlı,0
Yazılım Geliştirme Uzmanı,MEDİCANA HASTANE İŞLETMECİLİĞİ A.Ş.,İstanbul(Asya),Tam zamanlı,0
Yazılım Geliştirme Uzmanı,FONET BİLGİ TEKNOLOJİLERİ A.Ş.,Ankara,Tam zamanlı,0
Yazılım Geliştirme Uzmanı,Sabanci Üniversitesi,İstanbul(Asya),Tam zamanlı,0
Plc Yazılım Geliştirme Uzmanı,Algotek Robotik Teknolojiler A.Ş,İstanbul(Asya),Tam zamanlı,0
Mid/Senior Java Software Developer,Finartz Bilgi Teknolojileri A.Ş.,İstanbul (Tümü),Tam zamanlı,0
PHP Yazılım Geliştirme Uzmanı,SOLIFE GRUP DANIŞMANLIK İLETİŞİM TİCARET LİMİTED ŞİRKETİ,İstanbul(Asya),Tam zamanlı,0
Yazılım Geliştirme Uzmanı,Geobilgi Bilişim Teknoloji Tic.Ltd.Şti.,Kocaeli,Tam zamanlı,0
Full Stack Developer (Angular + Java),Siemens,İstanbul(Avr.),Tam zamanlı,8
Java Yazılım Geliştirme Uzmanı,HDI Sigorta A.Ş.,İstanbul(Asya),Tam zamanlı,6
Yazılım Geliştirme Uzmanı,ATMACA ELEKTRONİK SANAYİ VE TİCARET A.Ş. (SUNNY),İstanbul(Avr.),Tam zamanlı,0
Yazılım Geliştirme Uzmanı,Dora Bilişim Teknolojileri,Bursa,Tam zamanlı,0
Yazılım Geliştirme Uzmanı,Aydınlı Grup,İstanbul(Avr.),Tam zamanlı,0
Yazılım Geliştirme Uzmanı,ATMACA ELEKTRONİK SANAYİ VE TİCARET A.Ş. (SUNNY),İstanbul(Avr.),Tam zamanlı,0
Yazılım Geliştirme Uzmanı,MEGA İŞ ÇÖZÜMLERİ YAZILIM SAN.VE TİC.LTD.ŞTİ.,İstanbul(Asya),Tam zamanlı,0
Java Yazılım Uzmanı,Netaş Telekomünikasyon A.Ş,İstanbul(Asya),Tam zamanlı,17
Java Software Developer,CyanGate,Ankara,Tam zamanlı,10
Java Yazılım Uzmanı,CRONOM BİLİŞİM VE YAZILIM TEKNOLOJİLERİSAN.VE TİC.LTD.ŞTİ.,İstanbul (Tümü),Tam zamanlı,0
Java Yazılım Uzmanı,Gizli Firma,İstanbul(Avr.),Tam zamanlı,10
Java Yazılım Uzmanı,Yurtiçi Kargo Servisi A.Ş.,İstanbul(Avr.),Tam zamanlı,0
SAP Hybris Java Developer,ENOCA BİLGİ TEKNOLOJİLERİ VE DANIŞMANLIKLTD.ŞTİ.,İstanbul (Tümü),Tam zamanlı,24
Sr. Java Developer,Nuevo Yazılım Çözümleri A.Ş.,İstanbul(Avr.),Tam zamanlı,17
Kıdemli Java Yazılım Uzmanı,PAYCORE,İstanbul(Avr.),Tam zamanlı,25
Java Developer,G Teknoloji Bilişim San. ve Tic. A.Ş.,İstanbul (Tümü),Tam zamanlı,3
Java Yazılım Uzmanı,IND Yazılım Bilişim Teknolojileri San. Tic. A.Ş.,Konya,Tam zamanlı,0
Junior Java Developer,METASİS TEKNOLOJİ TİCARET LTD. ŞTİ.,"İstanbul(Asya), Kocaeli",Tam zamanlı,0
Senior Java Developer,NTT DATA Business Solutions Turkiye,İstanbul(Asya),Tam zamanlı,18
Java Yazılım Uzmanı,Rdc Partner Bilişim Danışmanlık Ve Teknoloji Hizm.,"İstanbul (Tümü), Ankara",Tam zamanlı,3
Java Yazılım Uzmanı,AKGÜN BİLGİSAYAR PROGRAM VE HİZMETLERİ SANAYİ TİCARET ANONİM ŞİRKETİ,Ankara,Tam zamanlı,0
Java Yazılım Uzmanı,Agito Bilgisayar Yazılım ve Danışmanlık Hizmetleri Anonim Şirketi,İstanbul (Tümü),Tam zamanlı,10
Kıdemli Java Yazılım Uzmanı,Turkcell Global Bilgi,İstanbul (Tümü),Tam zamanlı,7
Java Yazılım Uzmanı,Polar Araştırma Teknoloji A.Ş.,Ankara,Tam zamanlı,6
Senior Java Software Developer,Gizli Firma,Ankara,Tam zamanlı,31
Java Yazılım Uzmanı,SECOM AKTİF ELEKTRONİK GÜVENLİK ÇÖZÜMLERİ ANONİM ŞİRKETİ,İstanbul(Asya),Tam zamanlı,4
Senior Java Developer,KPMG Türkiye,İstanbul (Tümü),Tam zamanlı,0
Yazılım Sorumlusu,Onat Tekstil Konfeksiyon,İstanbul (Tümü),Tam zamanlı,3
Yazılım Sorumlusu,Durak Tekstil San. ve Tic. A.Ş.,Bursa,Tam zamanlı,0
Yazılım Şef Mühendisi,Lentatek Uzay Havacılık ve Teknoloji A.Ş.,Ankara,Tam zamanlı,7
Yazılım Sorumlusu,Klimasan Klima San. ve Tic. A.Ş. - Metalfrio Solutions,Manisa,Tam zamanlı,13
Yazılım Geliştirme Danışmanı - Hybrid,Logo Yazılım San Ve Tic A.Ş.,"İstanbul(Asya), Kocaeli",Tam zamanlı,14
Gömülü Yazılım Uzmanı,AYPRO,Antalya,Tam zamanlı,27
Gömülü Yazılım Uzmanı,Ates Kuru Buz Üretim ve Pazarlama San.Tic.Ltd.Şti.,Kocaeli,Tam zamanlı,0
Gömülü Yazılım Uzmanı,Tron Elektronik Sistemler A.Ş.,İstanbul(Asya),Tam zamanlı,27
Kıdemli Uzman Yazılım Mühendisi,3BFAB TEKNOLOJI A.Ş.,İstanbul (Tümü),Tam zamanlı,4
Kıdemli Yazılım Geliştirme Mühendisi,MİLCOM BİLİŞİM YAZILIM TEKNOLOJİ LİMİTED ŞİRKETİ,İstanbul(Asya),Serbest Zamanlı,10
Kıdemli Yazılım Geliştirme Mühendisi,KAM İNOVASYON BİLİŞİM REKLAMCILIK A.Ş.,Ankara,Tam zamanlı,0
Senior Software Developer,Smartcom Turkey Telekomünikasyon Teknolojileri ve,İstanbul (Tümü) +2 il daha,Tam zamanlı,9
Kıdemli Yazılım Geliştirme Uzmanı / Java,İnnova Bilişim Çözümleri A.Ş.,Ankara,Tam zamanlı,3
Senior Software Development Engineer C++,Siemens,Ankara,Tam zamanlı,3
Bilgi Teknolojileri Servis Yönetimi Uzmanı,Çalık Holding A.Ş.,İstanbul(Avr.),Tam zamanlı,14
Yazılım Danışmanı,Pratik Aday Servisi,İstanbul(Avr.),Tam zamanlı,14
Yazılım Danışmanı Uzmanı,Bimser Çözüm Yazılım Tic.A.Ş.,Kocaeli,Tam zamanlı,7
Yazılım Danışmanı Uzmanı,Bimser Çözüm Yazılım Tic.A.Ş.,Kocaeli,Tam zamanlı,7
Front End Developer,Trios Yazılım Bilg. ve Dan. Hiz. Ltd. Şti.,İstanbul (Tümü),Tam zamanlı,5
Java Yazılım Mimarı,Bankalararası Kart Merkezi A.Ş.,İstanbul(Avr.),Tam zamanlı,3
Software Development Engineer (C#/.Net),Siemens,İstanbul(Avr.),Tam zamanlı,11
Software Development Engineer C# - Profınet,Siemens,İstanbul(Avr.),Tam zamanlı,25
Junior Software Development Engineer...,Siemens,İstanbul(Avr.),Tam zamanlı,8
Yeni Mezun Java Developer,Infonal Bilgi Teknolojileri A.Ş.,İstanbul(Asya),Tam zamanlı,0
Junior Yazılım Geliştirme Uzmanı,ABC Uluslararası Transport Tic. ve San. A.Ş,Kayseri,Tam zamanlı,21
Junior Yazılım Geliştirme Uzmanı,MEYER GROUP,İstanbul(Asya),Tam zamanlı,4
Junior Yazılım Geliştirme Uzmanı,MEYER GROUP,İstanbul(Asya),Tam zamanlı,4
Junior Yazılım Geliştirme Uzmanı,SENA TURİZM TAŞIMACILIK İNŞAAT TAAHHÜT TİC.SAN.,Antalya,Tam zamanlı,14
Junior Yazılım Geliştirme Uzmanı,Ethos Finansal Danışmanlık ve Bilişim Çözümleri A.Ş.,İstanbul(Avr.),Tam zamanlı,4
Junior Engineer For R&D Team,ETERATION BİLİŞİM ÇÖZÜMLERİ TİC.A.Ş.,İstanbul(Avr.),Tam zamanlı,3
Junior Yazılım Geliştirme Uzmanı (Labview),Pratik Aday Servisi,İstanbul(Asya),Tam zamanlı,18
Yazılım Geliştirme Sorumlusu,Uyguner Deri Pazarlama ve Tic.A.Ş,"İstanbul(Asya), Bursa",Tam zamanlı,2
Yazılım Geliştirme Sorumlusu,Güncel Yazılım,Bursa,Tam zamanlı,14
Yazılım Geliştirme Sorumlusu,ARTI VE ARTI TEKNOLOJİ HİZMETLERİ,Kocaeli,Tam zamanlı,4
Software Development Specialist,AXA PARTNERS,İstanbul(Asya),Tam zamanlı,26
Full-Stack Developer,Extratik İnovatif Yaz.Hiz.Dijital Paz.Danış.A.Ş,İstanbul(Avr.),Tam zamanlı,21
IT Systems Specialist,AXA PARTNERS,İstanbul(Asya),Tam zamanlı,26
Yazılım Geliştirme Uzmanı,Özyeğin Üniversitesi,İstanbul(Asya),Tam zamanlı,14
Yazılım Geliştirme Sorumlusu,ÖZGÜVEN MÜH TUR. TAAH. SAN VE TİC. LTD. ŞTİ,İzmir,Tam zamanlı,12
Fullstack .Net Developer,SOFT AND SOLUTİON YAZILIM LİMİTED ŞİRKETİ,İstanbul(Avr.),Tam zamanlı,28
Software Development Specialist,Günsan Elektrik Malz. San. ve Tic. A.Ş.,İstanbul(Asya),Tam zamanlı,3
Software Developer,S.G.S. SÜPERVİSE GÖZETME ETÜD KONTROL SERVİSLERİ A.Ş.,İstanbul(Avr.),Tam zamanlı,0
Backend Software Developer,VERDE DIŞ TİCARET VE TAŞIMACILIK SANAYİ LİMİTED ŞİRKETİ,İstanbul(Avr.),Tam zamanlı,28
Software Developer,Loomis Güvenlik Hizmetleri A.Ş.,İstanbul(Avr.),Tam zamanlı,5
Business Applications Software Responsible,MAİS,İstanbul(Asya),Tam zamanlı,5
Yazılım Müdürü,TEV - Türk Eğitim Vakfı,İstanbul(Avr.),Tam zamanlı,10
Oracle - Uzman Yazılım Mimarı,Aktek Bilişim,İstanbul (Tümü),Tam zamanlı,28
Oracle Yazılım Uzmanı,REEDER,Samsun,Tam zamanlı,10
Oracle Uygulamaları Danışmanı,Athena Bilişim Çözümleri Tic. Ltd. Şti.,İstanbul (Tümü),Tam zamanlı,0
.Net Yazılım Uzmanı,TUS-DATA YAYINCILIK.EĞT.DANŞ.SAĞ.VE BİLGHİZ.SAN.TİC.A.Ş.,Ankara,Tam zamanlı,7
.Net Developer,Taha Giyim San. Ve Tic. A.Ş.,İstanbul(Avr.),Tam zamanlı,0
Uygulama Güvenliği Uzmanı,Sigorta Bilgi ve Gözetim Merkezi,İstanbul(Asya),Tam zamanlı,21
.Net Yazılım Uzmanı,Firma Bilgisi Gizli,Ankara,Proje Bazlı,18
.Net Yazılım Uzmanı,KNA Bilişim,İstanbul(Asya),Tam zamanlı,2
.Net Developer,Flo Mağazacılık ve Pazarlama A.Ş.,İstanbul(Avr.),Tam zamanlı,0
ASP.NET Yazılım Uzmanı,COİNO YAZILIM VE BİLİŞİM HİZMETLERİ LİMİTED ŞİRKETİ,İstanbul(Avr.),Tam zamanlı,28
.Net Yazılım Uzmanı,Turpak Elektromanyetik Yakıt İkmal Sis.Tic.A.Ş.,İstanbul(Avr.),Tam zamanlı,1
Tecrübeli .Net Yazılım Uzmanı (Kayseri),İndis Yazılım Ar-ge mühendislik San. Tic. Ltd. Şt,Kayseri,Tam zamanlı,20
ASP.NET Yazılım Uzmanı(Remote),"AKINSOFT, AKIN Yazilim Bilgisayar Ltd. Sti.","İstanbul(Avr.), Konya",Tam zamanlı,19
Yazılım Teknik Destek Uzmanı,INTERLINE TECHNOLOGY,Muğla,Tam zamanlı,0
Yazılım Uzman Yardımcısı,ERİKOĞLU ENDÜSTRİ HOLDİNG AŞ.,Denizli,Tam zamanlı,14
Yazılım Uzman Yardımcısı ( Jr.Net Developer),Fina Elektrik Enerjisi İthalah İhracat ve Toptan Satış A.Ş.,İstanbul(Asya),Tam zamanlı,6
Yazılım Uzman Yardımcısı,MUDO,İstanbul(Avr.),Tam zamanlı,0
Yazılım Geliştirme ve Uygulama Danışmanı,Boğaziçi Yazılım A.Ş.,İstanbul(Asya),Tam zamanlı,18
PHP Yazılım Uzmanı,Engin Ayakkabı,İstanbul(Avr.),Tam zamanlı,16
PHP Yazılım Uzmanı,DESTECH HASAR ÇÖZÜMLERİ VE YAZILIM SANAYİ TİCARET ANONİM ŞİRKETİ,İstanbul(Asya),Tam zamanlı,18
PHP Developer,Delta Gsm Aksesuar Bil.Elek.Ve.Tek.Servis Hiz.San,İstanbul(Avr.),Tam zamanlı,10
PHP Yazılım Uzmanı,Sektöründe Öncü Firma,İstanbul(Asya),Tam zamanlı,8
Senior PHP Backend Developer,KARACA ZÜCCACİYE TİCARET VE SAN A.Ş.,İstanbul(Avr.),Tam zamanlı,0
Senior PHP Developer,JOTFORM YAZILIM A.Ş,Ankara,Tam zamanlı,28
PHP Yazılım Uzmanı,Prestijnet,Bursa,Tam zamanlı,3
PHP Yazılım Uzmanı,Attelia Health Tour,İzmir,Tam zamanlı,9
PHP Yazılım Uzmanı,madera,Bursa,Tam zamanlı,2
Senior PHP Developer,JOTFORM YAZILIM A.Ş,İstanbul(Avr.),Tam zamanlı,28
Yazılım Yöneticisi (.Net),Doğanlar Mobilya Grubu imalat San.ve Tic. A.Ş,İstanbul (Tümü),Tam zamanlı,5
Yazılım Yöneticisi,Systemair HSK Havalandırma Endüstri San. Ve Tic. A. Ş,"İstanbul(Asya), Kocaeli",Tam zamanlı,3
Senior Frontend Software Development Engineer,Siemens,İstanbul(Avr.),Tam zamanlı,8
Software Development Engineer - Frontend,Siemens,İstanbul(Avr.),Tam zamanlı,25
Frontend Software Development Engineer...,Siemens,İstanbul(Avr.),Tam zamanlı,25
Frontend / UI Developer,Siemens,İstanbul(Avr.),Tam zamanlı,18
Front-End Developer,T-Soft,İstanbul (Tümü),Tam zamanlı,4
Frontend Developer,LEDBİM BİLİŞİM DANIŞMANLIK VE TİCARET ANONİM ŞİRKETİ,Antalya,Tam zamanlı,10
Yazılım Geliştirme Uzman Yardımcısı,NAR Sistem Teknoloji A.Ş.,İstanbul (Tümü),Tam zamanlı,0
Yazılım Geliştirme Uzman Yardımcısı,BİLİN YAZILIM VE BİLİŞİM DANIŞMANLIĞI A.Ş.,İstanbul (Tümü),Tam zamanlı,4
Jr. Front-End Developer,Universal Yazılım A.Ş.,İstanbul(Asya),Tam zamanlı,0
Yazılım Geliştirme Uzman Yardımcısı,Sanica Isı Sanayi AŞ.,İstanbul(Avr.),Tam zamanlı,0
Yazılım Geliştirme Uzman Yardımcısı,Zurich Sigorta A.Ş,İstanbul (Tümü),Tam zamanlı,0
Yazılım Geliştirme Uzman Yardımcısı,ROUTE YAZILIM VE DANIŞMANLIK SANAYİ VE TİCARET LTD. ŞTİ.,Kocaeli,Tam zamanlı,0
E-Commerce Software Developer,ÜÇKA TEKSTİL KONFEKSİYON İNŞAAT VE TİCARET A.Ş.,İstanbul (Tümü),Tam zamanlı,12
Senior PHP Developer,Map Elektronik Ticaret Servis A.Ş.,İstanbul(Avr.),Tam zamanlı,0
PHP Yazılım Geliştirme Uzmanı,Envepo Yazılım Tic. A.Ş.,İstanbul (Tümü) +80 il daha,Tam zamanlı,26
Front End Developer,TOR Holding,İstanbul(Avr.),Tam zamanlı,11
PHP Yazılım Geliştirme Uzmanı,CLS WORLD GLOBAL,"İstanbul (Tümü), Gaziantep",Tam zamanlı,18
PHP Yazılım Geliştirme Uzmanı,BiletBayisi,Kocaeli,Tam zamanlı,5
PHP Yazılım Geliştirme Uzmanı,Pratik Aday Servisi,İstanbul(Asya),Tam zamanlı,2
Frontend Developer (Hybrid),AGRA FİNTECH YAZILIM ÇÖZÜMLERİ ANONİM ŞİRKETİ,İstanbul(Avr.),Tam zamanlı,11
Front End (Full Stack) Yazılım Mühendisi,BAHÇEŞEHİR OKULLARI ANONİM ŞİRKETİ,Ankara,Tam zamanlı,10
Front End Developer,Global Kitle Fonlama Platformu A.Ş.,Ankara,Tam zamanlı,25
Front End Web Developer,Memorial Sağlık Grubu,İstanbul (Tümü),Tam zamanlı,0
Front-End Developer ( Şişli ),BARSAN GLOBAL LOJİSTİK A.Ş.,İstanbul (Tümü),Tam zamanlı,5
Senior Front-End Developer,Decathlon Türkiye,İstanbul(Avr.),Tam zamanlı,0
Frontend Developer,Gizli Firma,Ankara,Tam zamanlı,0
Front End Developer,ARYOM İNŞAAT SANAYİ VE TİCARET A.Ş.,İzmir,Tam zamanlı,5
Home Office - Java Yazılım Uzmanı,AgeSA Hayat ve Emeklilik A.Ş.,İstanbul (Tümü) +80 il daha,Tam zamanlı,35
Kıdemli Yazılım Uzmanı,PAYCORE,İstanbul(Avr.),Tam zamanlı,19
Kıdemli Yazılım Uzmanı,Negmar Denizcilik Yatırım A.Ş.,İstanbul(Asya),Tam zamanlı,3
Yetiştirilmek Üzere Yazılım Geliştirme Uzmanı,İstanbul Topkapı Üniversitesi ( İstanbul Ayvansaray Üniversitesi ),İstanbul(Avr.),Tam zamanlı,0
"Yazılım Uzmanı ASP.NET Mvc, Backend",FİMKA,İstanbul (Tümü),Tam zamanlı,26
Web Önyüz - Kıdemli Yazılım Uzmanı,Negmar Denizcilik Yatırım A.Ş.,İstanbul(Asya),Tam zamanlı,3
Kıdemli Yazılım Uzmanı,FASTSOFT BİLİŞİM TEKNOLOJİ A.Ş,Ankara,Tam zamanlı,3
Yazılım Geliştirme Uzmanı - Hibrit,Quicklyserv,İstanbul (Tümü) +2 il daha,Tam zamanlı,0
Yazılım Uzmanı/İzmir,Agito Bilgisayar Yazılım ve Danışmanlık Hizmetleri Anonim Şirketi,İzmir,Tam zamanlı,10
Kıdemli Yazılım Uzmanı,Pratik Aday Servisi,İstanbul(Asya),Tam zamanlı,0
Kıdemli Yazılım Uzmanı,Koton,İstanbul(Avr.),Tam zamanlı,0
Fullstack Developer,ENTERPRISE RENT A CAR,İstanbul(Asya),Tam zamanlı,14
Yazılım Uzmanı,Anttech,Antalya,Tam zamanlı,27
Kıdemli Yazılım Uzmanı,PAYCORE,İzmir,Tam zamanlı,19
Kıdemli Yazılım Uzmanı,BİLİN YAZILIM VE BİLİŞİM DANIŞMANLIĞI A.Ş.,İzmir,Tam zamanlı,7
Kıdemli Yazılım Uzmanı (Asp.Net),Kayra Export Ev Teks. San. Ve Tic. A.Ş.,Kayseri,Tam zamanlı,0
Kıdemli Yazılım Uzmanı,AcerPro Bilişim Teknolojileri A.Ş.,İstanbul(Avr.),Tam zamanlı,0
Java Yazılım Uzmanı,AgeSA Hayat ve Emeklilik A.Ş.,İstanbul(Asya),Tam zamanlı,35
Yazılım Uzmanı,PAYCORE,İstanbul(Avr.),Tam zamanlı,25
Kıdemli Yazılım Uzmanı,PALMET ENERJİ A.Ş.-PALMET ŞİRKETLER GRUBU,"İstanbul(Asya), Kocaeli",Tam zamanlı,17
Kıdemli .Net Yazılım Uzmanı,KEYDATA BİLGİ İŞLEM TEKNOLOJİ SİSTEMLERİ A.Ş.,Ankara,Tam zamanlı,6
Kıdemli Yazılım Uzmanı - SAP,İNCİ GS YUASA AKÜ SAN. ve TİC. A.Ş,İzmir +1 il daha,Tam zamanlı,3
Kıdemli Java Yazılım Uzmanı,Metric,İstanbul(Asya),Tam zamanlı,0
Senior Software Developer,CRONOM BİLİŞİM VE YAZILIM TEKNOLOJİLERİSAN.VE TİC.LTD.ŞTİ.,İstanbul (Tümü),Tam zamanlı,0
Senior Software Developer,KUADRON BİLİŞİM TEKNOLOJİLERİ LTD. ŞTİ.,Ankara,Tam zamanlı,24
Kıdemli Yazılım Geliştirme Uzmanı - Hybrid,Logo Yazılım San Ve Tic A.Ş.,"İstanbul(Asya), Kocaeli",Tam zamanlı,18
Kıdemli Yazılım Geliştirme Uzmanı,Yurtiçi Kargo Servisi A.Ş.,İstanbul(Avr.),Tam zamanlı,11
Kıdemli ASP.NET Yazılım Uzmanı,Agito Bilgisayar Yazılım ve Danışmanlık Hizmetleri Anonim Şirketi,İstanbul (Tümü),Tam zamanlı,10
Kıdemli Yazılım Geliştirme Uzmanı,KAREL ELEKTRONİK SANAYİ VE TİCARET A.Ş.,Ankara,Tam zamanlı,6
Senior Software Developer,Nexum A.Ş.,İstanbul(Avr.),Tam zamanlı,5
Kıdemli Yazılım Geliştirme Uzmanı,WOC YAZILIM MÜHENDİSLİK DANIŞMANLIK SANAYİ TİCARET LİMİTED ŞİRKETİ,İstanbul(Avr.),Tam zamanlı,3
Kıdemli Yazılım Geliştirme Uzmanı,Tatilsepeti.com,İstanbul(Avr.),Tam zamanlı,3
Kıdemli .Net Yazılım Geliştirme Uzmanı - Hybrid,Logo Yazılım San Ve Tic A.Ş.,Elazığ +1 il daha,Tam zamanlı,18
Kıdemli Java Yazılım Uzmanı (İş Yerinde),MEBITECH BİLİŞİM A.Ş.,İstanbul(Avr.),Tam zamanlı,6
.Net Kıdemli Yazılım Uzmanı,Viya Lojistik Mühendislik ve Bilişim Teknolojileri,Kocaeli,Tam zamanlı,0
Kıdemli Yazılım Geliştirme Uzmanı,Smartiks Yazılım A.Ş.,İstanbul (Tümü),Tam zamanlı,0
Kıdemli Yazılım Geliştirme Uzmanı,NAR Sistem Teknoloji A.Ş.,İstanbul(Asya),Tam zamanlı,0
Senior Software Developer (Cyber Security),Siemens,İstanbul(Avr.),Tam zamanlı,19
Kıdemli Yazılım Geliştirme Uzmanı / PaaS - Hybrid,Logo Yazılım San Ve Tic A.Ş.,Ankara,Tam zamanlı,17
Senior Software Developer,Siemens,İstanbul(Avr.),Tam zamanlı,8
Kıdemli Yazılım Geliştirme Uzmanı - Hybrid,Logo Yazılım San Ve Tic A.Ş.,Ankara,Tam zamanlı,17
Yazılım Geliştirme Uzmanı,Dreams&Bytes,İstanbul (Tümü),Tam zamanlı,6
"Senior Software Development Engineer - C++,...",Siemens,İstanbul(Avr.),Tam zamanlı,4
Senior Software Developer,VeriPark,İstanbul(Asya),Tam zamanlı,1
Software Developer,Asis,İstanbul(Avr.),Tam zamanlı,0
Web Yazılım Stajyer,Bahçeci Sağlık Hizmetleri A.Ş.,İstanbul (Tümü),Tam zamanlı,0
Yazılım Stajyeri,QUİCK POİNT TEKNOLOJİ ANONİM ŞİRKETİ,İstanbul(Asya),Tam zamanlı,0
Kıdemli Yazılım Mimarı,WTECHIN YAZILIM BİLİŞİM VE DANIŞMANLIK A. Ş.,Ankara,Tam zamanlı,16
Software Project Manager,Gizli Firma,Ankara,Tam zamanlı,17
Project Manager,Gözen Digital Aviation,İstanbul(Avr.),Tam zamanlı,0
Mobil Uygulama Geliştiricisi[Androıd],Utarit Bilişim Hizmetleri Sanayi ve Ticaret .A.ş,Ankara,Tam zamanlı,27
Unity Ar&Vr Developer,Fernus Eğitim Teknolojileri A.Ş,Ankara,Tam zamanlı,27
Yazılım Geliştirme Elemanı,ÇETİN FAMİLY TEKSTİL GIDA PAZARLAMA SAN.ve TİC.LTD.ŞTİ.,Bursa,Tam zamanlı,0
Frontend Yazılım Geliştirme Uzmanı,BİLİŞİM ATÖLYESI TEKNOLOJİ SANAYİ VE TİCARET LİMİTED ŞİRKETİ,İstanbul(Asya),Tam zamanlı,20
Full Stack Developer / IoT Yazılım Geliştirici,AppTec Services GmbH,İstanbul (Tümü) +80 il daha,Tam zamanlı,7
Yazılım Geliştirme Elemanı,GENET GENEL ELEKTRONİK TEKNOLOJİLERİLTD.ŞTİ.,İstanbul(Avr.),Tam zamanlı,28
Junior/Mid/Senior Software Developer (Automation),Lunes Teknoloji Arge Ticaret Limited Şİrketi,İstanbul(Avr.),Tam zamanlı,17
Yazılım Destek ve Geliştirme Elemanı,PROCON YAPI ENDÜSTRİSİ VE MİMARLIK HİZMETLERİ ANO,İstanbul(Asya),Tam zamanlı,18
React Native Geliştiricisi,Sebit,Ankara,Tam zamanlı,12
Yazılım Geliştirme Elemanı,ABB GARJAN GRUP FİNANSAL YATIRIMLAR ANONİM ŞİRKETİ,İstanbul(Avr.),Tam zamanlı,14
Sharepoint Portal Uzmanı,Türkiye Noterler Birliği,Ankara,Tam zamanlı,11
Kurumsal Yazılım AR-GE Yöneticisi,Zebra Elektronik A.Ş.,İstanbul(Asya),Tam zamanlı,3
Yazılım Ekip Lideri,Hit Bilişim Danışmanlık ve Turizm San Tic Ltd Şti,İstanbul (Tümü),Tam zamanlı,0
Kıdemli Hbys Uygulama Geliştirme Uzmanı,Turkcell Global Bilgi,İstanbul(Asya),Tam zamanlı,24
Kıdemli Uygulama Geliştirme Uzmanı-Finans ve Ops,Turkcell Global Bilgi,İstanbul (Tümü),Tam zamanlı,10
Uygulama Destek Geliştirme Uzmanı,Adil Işık Group,İstanbul(Avr.),Tam zamanlı,0
Uygulama ve Test Yönetimi-İletişim Entegrasyon,Turkcell Global Bilgi,İstanbul (Tümü),Tam zamanlı,10
Expert İş Zekası Uygulama Geliştirme Uzmanı,Turkcell Global Bilgi,İstanbul (Tümü),Tam zamanlı,7
Uygulama Geliştirme ve İş Zekası Uzmanı,KALE PRATT&WHITNEY UÇAK MOTOR SAN.A.Ş.,İzmir,Tam zamanlı,0
Uygulama Geliştirme Operasyonları Uzmanı,Turkcell Global Bilgi,İstanbul (Tümü),Tam zamanlı,21
Uygulama Geliştirme Uzmanı-İletişim ve Entagrasyon,Turkcell Global Bilgi,İstanbul (Tümü),Tam zamanlı,10
Yazılım Takım Lideri (Remote),Colin's,İstanbul(Avr.),Tam zamanlı,24
Yazılım Takım Lideri,Bahçeşehir Okulları,Ankara,Tam zamanlı,10
Yazılım Takım Lideri,Bahçeşehir Okulları,Ankara,Tam zamanlı,10
Bilgisayar Mühendisi,Fortes Mühendislik Doğal Gaz İnşaat San. Ve Tic. A.Ş.,İstanbul(Asya),Tam zamanlı,19
Frontend (Önyüz) Bilgisayar Mühendisi (React),SmartICT Bilişim A.Ş,Ankara,Tam zamanlı,17
Yazılım ve Sistem Mühendisleri,Sistaş Sayısal İletişim San. ve Tic. A.Ş.,İstanbul(Asya),Tam zamanlı,7
Veri Mühendisi / Veri Bilimci,Eliar Elektronik San. A.Ş.,İstanbul(Avr.),Tam zamanlı,14
Java Developer,Balıkesir Elektromekanik San. Tes. A.Ş.( BEST A.Ş.),Balıkesir,Tam zamanlı,18
Oracle Apps Dba,Balıkesir Elektromekanik San. Tes. A.Ş.( BEST A.Ş.),Balıkesir,Tam zamanlı,18
Bilgisayar Mühendisi,Audio Elektronik,İstanbul(Asya),Tam zamanlı,7
Bilgisayar Mühendisi,EMS PLASTİK BORU SIH.TES.MLZ.GÜ.EN.İML.İNŞ.İTH.İH,Adana,Tam zamanlı,3
Bilgisayar Mühendisi,BAYBURT GRUP İNŞAAT NAKLİYAT MAD.İT.İHR.SAN.VE TİC.A.Ş.,Ankara,Tam zamanlı,29
Bilgisayar Mühendisi,Sektöründe Öncü Firma,Ankara,Tam zamanlı,28
Bilgisayar Mühendisi,BAYRAKTAR SOLAR ENERJİ İNŞAAT SANAYİ VE TİCARET ANONİM ŞİRKETİ,Ankara,Tam zamanlı,4
Software Development Executive,Çimsa Çimento San.ve Tic.A.Ş.,İstanbul(Asya),Tam zamanlı,5
Yazılım Geliştirme Yöneticisi,OLKA SPOR MALZEMELERİ TİCARET A. Ş.,İstanbul(Avr.),Tam zamanlı,0
Yazılım Geliştirme Yöneticisi,FRİMPEKS Kimya ve Etiket Sanayi Ticaret A.Ş.,İstanbul(Avr.),Tam zamanlı,0
Setur Marinaları - Yazılım Geliştirme Yöneticisi,Setur Marinaları,İstanbul(Asya),Tam zamanlı,5
Yazılım Geliştirme Yöneticisi,Jengal Yazılım,İstanbul(Asya),Tam zamanlı,3
Yazılım Geliştirme Takım Lideri,BDH Bilişim Destek Hizmetleri San. ve Tic. A.Ş.,İstanbul(Asya),Tam zamanlı,19
Java Takım Lideri,İnnova Bilişim Çözümleri A.Ş.,Ankara,Tam zamanlı,26
Software Team Lead (Hybrid),AGRA FİNTECH YAZILIM ÇÖZÜMLERİ ANONİM ŞİRKETİ,İstanbul(Avr.),Tam zamanlı,11
İş Zekası Operasyonları Uzmanı / Kd. Uzmanı,Türk Telekom,İstanbul(Asya),Tam zamanlı,10
Büyük Veri Mühendisi (Hazine ve Maliye Bakanlığı),SBI Bilişim A.Ş,Ankara,Tam zamanlı,0
Senior Software Test Engineer,ICterra Bilgi ve İletişim Teknolojileri San. ve Tic. A.Ş.,Ankara,Tam zamanlı,0
Software Test Engineer (Industrial Computing),Siemens,İstanbul(Avr.),Tam zamanlı,25
Yazılım Test Uzmanı-Bankacılık,NETAŞ,İstanbul(Avr.),Tam zamanlı,17
Test Engineer,Airties,"İstanbul(Avr.), İzmir",Tam zamanlı,0
Uzman Yazılım Test Mühendisi,PROFEN İletişim Teknolojileri ve Hiz. San.Tic.A.Ş.,İstanbul(Avr.),Tam zamanlı,3
Test Yönetimi Stajyeri,BURGAN BANK A.Ş.,İstanbul(Avr.),Tam zamanlı,3
Yazılım Test Mühendisi,Egemsoft,İstanbul (Tümü),Tam zamanlı,0
Software Test Engineer,Siemens,İstanbul(Avr.),Tam zamanlı,18
Frontend Developer,SmartMessage,"İstanbul (Tümü), İzmir",Tam zamanlı,3
Data Scientist,Türk Tuborg,"İstanbul (Tümü), İzmir",Tam zamanlı,7
Veri Bilimci,Firma Bilgisi Gizli,İstanbul(Avr.),Tam zamanlı,10
Data Scientist,Fiba Perakende Grubu,İstanbul(Asya),Tam zamanlı,0
Data Scientist/Assistant Specialist,Dünya Varlık Yönetim A.Ş.,İstanbul(Avr.),Tam zamanlı,0
BI / Data Warehouse Team Lead,NN HAYAT VE EMEKLİLİK ANONİM ŞİRKETİ,İstanbul(Avr.),Tam zamanlı,20
Data Engineer (Ankara),Manpower,Ankara,Tam zamanlı,3
Master Data Engineer,Vestel A.Ş.,Manisa +1 il daha,Tam zamanlı,20
Veri Mühendisi,Experis Turkey,İstanbul(Asya),Tam zamanlı,27
Data Engineer,Siemens,İstanbul(Avr.),Tam zamanlı,14
Veri Mühendisi,Avansas,İstanbul(Asya),Tam zamanlı,25
Data Engineer,JOTFORM YAZILIM A.Ş,İstanbul (Tümü),Tam zamanlı,10
Multibody Simulation & Road Load Data Engineer,EnginSoft Turkey,Sakarya +1 il daha,Tam zamanlı,0
IT Engineer,CONTİTECH LASTİK SANAYİ VE TİCARET A.Ş.,Bursa,Tam zamanlı,5
Mobile Application ( IOS Veya Android) Developer,Amaris Engineering & High Technologies,İstanbul (Tümü),Tam zamanlı,21
Embedded System Engineer,Konzek Teknoloji San. ve Tic.A.Ş,İstanbul(Asya),Tam zamanlı,3
Gömülü Sistemler Tasarım Mühendisi,KALE ARGE,İstanbul(Asya),Tam zamanlı,13
Gömülü Sistem Mühendisi,FİGESFİZİK VE GEOMETRİDE BİLGİSAYAR SİMÜLASYONU HİZMET TİCARET A.Ş.,Ankara,Tam zamanlı,14
Embedded Systems Engineer,VESTEL A.Ş.,Manisa,Tam zamanlı,7
Gömülü Linux Uzmanı,İNFİNİDİUM TEKNOLOJİ VE BİLİŞİM SANAYİ TİCARET A.Ş.,İstanbul(Avr.),Tam zamanlı,19
Gömülü Sistem Mühendisi,Epsilon Elektronik San. ve Tic. A.Ş,İstanbul(Asya),Tam zamanlı,0
Sistem ve Güvenlik Uzmanı,Martur Automotive Seating Systems,Bursa,Tam zamanlı,21
Güvenlik Kamerası İzleme Ekip Üyesi,Unifree Duty Free İşletmeciliği A.Ş,Muğla,Tam zamanlı,0
Android Geliştirici,AppTec Services GmbH,İstanbul (Tümü) +79 il daha,Tam zamanlı,7
Android Geliştirici,ONREMOTE TEKNOLOJİ A.Ş.,Denizli,Tam zamanlı,3
Android Geliştirici,CODIFY YAZILIM BİLİŞİM DANIŞMANLIK HİZMETLERİ LİMİTED ŞİRKETİ,İstanbul (Tümü),Tam zamanlı,7
Kıdemli Android Geliştirici,Pointo Teknoloji A.Ş.,"İstanbul (Tümü), Ankara",Tam zamanlı,7
Android Developer,Airties,İstanbul(Avr.),Tam zamanlı,0
Android Software Developer,VeriFone Elektronik ve Danışmanlik Ltd. Şti.,İstanbul(Avr.),Tam zamanlı,5
Android Developer,Nagis Bilişim Danışmanlık Limited Şirketi,Ankara,Tam zamanlı,0
Android Developer,NETCOM MÜHENDİSLİK VE BİLGİ TEKNOLOJİLERİ ANONİM ŞİRKETİ,Bursa +1 il daha,Tam zamanlı,0
Yazılım Uzmanlığı Eğitmeni,Arıbilgi Eğitim Yazılım Danışmanlık Hizmetleri- At,İstanbul (Tümü),Tam zamanlı,3
Bilgi Teknolojileri Uzman Yardımcısı,Kopaş Kozmetik Pazarlama A.Ş.,İstanbul (Tümü),Tam zamanlı,0
Bilgi Teknolojileri Uzman Yardımcısı,ACME TEKSTİL SAN. İÇ VE DIŞ TİC.A. Ş,Kayseri,Tam zamanlı,0
Bilgi Teknolojileri Uzman Yardımcısı,Aster Tekstil San ve Dış Tic.A.Ş,İstanbul(Avr.),Tam zamanlı,0
Bilgi Teknolojileri Uzman Yardımcısı,HG Gümrük Müşavirliği ve Lojistik Hizmetleri Ltd.,İstanbul(Avr.),Tam zamanlı,3
Bilgi Teknolojileri Uzman Yardımcısı,Zülfikarlar Holding A.Ş,İstanbul(Asya),Tam zamanlı,0
Bilgi Teknolojileri Uzman Yardımcısı,Doğuş İnşaat ve Ticaret A.Ş.,İstanbul(Avr.),Tam zamanlı,20
Bilgi Teknolojileri Uzman Yardımcısı,KURTSAN İLAÇLARI A.Ş,İstanbul(Avr.),Tam zamanlı,0
Bilgi Teknolojileri Operasyon Uzman Yardımcısı,Gemak Şirketler Grubu,İstanbul(Asya),Tam zamanlı,0
BT Yardım Masası Uzmanı - Gaziantep,Şölen Çikolata Gıda San. ve Tic. A.Ş.,Gaziantep,Tam zamanlı,27
Bilgi Teknolojileri Uzman Yardımcısı,Gizli Firma,Ankara,Tam zamanlı,18
Bilgi Teknolojileri Uzman/ Uzman Yardımcısı,DROGSAN İLAÇLARI SANAYİ VE TİC.A.Ş.,Ankara,Tam zamanlı,27
Microsoft Teknolojileri Yönetimi Uzmanı,Sigorta Bilgi ve Gözetim Merkezi,Ankara,Tam zamanlı,21
Sistem Mühendisi,IBTECH ULS.BİLİŞİM VE İLT.TEKN.AR GEDAN.DEST TİC AŞ,"İstanbul(Asya), Kocaeli",Tam zamanlı,18
4X4 Askeri Araçlar Sistem Mühendisi,Otokar,Sakarya,Tam zamanlı,12
Sistem Mühendisi,SPRA Savunma Havacılık ve Uzay,Ankara,Tam zamanlı,7
Ticari Araçlar Sistem Mühendisi,Otokar,Sakarya,Tam zamanlı,6
Uzman Haberleşme Sistem Tasarım Mühendisi,C Tech Bilişim Teknolojileri San. ve Tic. A.Ş.,İstanbul(Asya),Tam zamanlı,0
RF Systems Engineer,Airties,İstanbul (Tümü),Tam zamanlı,0
System Engineer,HİTACHİ ENERGY TURKEY ELEKTRİK SAN.A.Ş.,İstanbul(Asya),Tam zamanlı,0
System Engineer,Egis Tünel İşletmeciliği A.Ş.,İstanbul(Asya),Tam zamanlı,0
Senior Backup Engineer,Datacore Bilgi Sistemleri Sanayi A.Ş.,İstanbul (Tümü),Tam zamanlı,0
Elektro-Optik Sistem Mühendisi,Asis,Ankara,Tam zamanlı,24
Sistem Mühendisi,Asis,Ankara,Tam zamanlı,24
Ticari Araçlar Yardımcı Sistemler Mühendisi,Otokar,Sakarya,Tam zamanlı,21
Sistem Mühendisi,BMC POWER Motor ve Kontrol Teknolojileri A.Ş.,İstanbul(Asya),Tam zamanlı,10
Kıdemli Sistem Mühendisi,METEKSAN SAVUNMA SANAYİ A.Ş.,Ankara,Tam zamanlı,12
Metroloji Mühendisi,TRANSVARO ELEKTRON ALETLERİ SAN. VE TİC. A.Ş.,İstanbul(Avr.),Tam zamanlı,11
Sistem Mühendisi,KAREL ELEKTRONİK SANAYİ VE TİCARET A.Ş.,İstanbul (Tümü),Tam zamanlı,17
Sistem Mühendisi,Yurtiçi Kargo Servisi A.Ş.,İstanbul (Tümü),Tam zamanlı,4
Sistem Mühendisi,Kurye Net Motorlu Kuryecilik ve Dağ. Hizm. A.Ş.,İstanbul(Asya),Tam zamanlı,0
Güç Grubu Kontrol Sistemleri Sistem Mühendisi,BMC POWER Motor ve Kontrol Teknolojileri A.Ş.,İstanbul(Asya),Tam zamanlı,0
Aviyonik Sistem Mühendisi,Ekinoks Yazılım Ltd. Şti.,Ankara,Tam zamanlı,0
Sistem Mühendisi,KALE ARGE,İstanbul(Asya),Tam zamanlı,27
System Engineer,Leonardo Turkey Havacılık Savunma ve Güvenlik Sistemleri A.Ş.,Ankara,Tam zamanlı,10
Sistem Mühendisi,PROMEC MÜHENDİSLİK LTD ŞTİ,Ankara,Tam zamanlı,7
"System Engineer (Gebze, Bursa)",DAİİCHİ ELEKTRONİK SAN.VE TİC.A.Ş.,Kocaeli +1 il daha,Tam zamanlı,4
Sistem Mühendisi,FARHYM OTO. SAN. VE TİC. LTD.ŞTİ.,Ankara,Tam zamanlı,3
System Engineer,DIGITURK,İstanbul(Avr.),Tam zamanlı,0
Sistem Mühendisi (RF Sistemleri İçin) (Ankara),ASARTECH AR-GE TASARIM MÜHENDİSLİK,Ankara,Tam zamanlı,3
System Engineer,Yokogawa Turkey Endüstriyel Otomasyon Çözümleri A.Ş.,Zonguldak,Tam zamanlı,0
Sistem Mühendisi,ANOVA Arge Teknolojileri San. Tic. A.Ş.,Ankara,Tam zamanlı,0
Çok Tekerlekli Askeri Araçlar Sistem Mühendisi,Otokar,Sakarya,Tam zamanlı,28
Araç Elektronik Sistem Mühendisi,Asis,Ankara,Tam zamanlı,24
Teknoloji Sistemleri Uzmanı,ASAŞ ALÜMİNYUM SAN.VE TİC.A.Ş.,Sakarya,Tam zamanlı,10
System Administrator,Siemens,Ankara,Tam zamanlı,11
Sistem Mühendisi,TR MEKATRONİK SİSTEMLER SAN. VE TİC. A.Ş.,Düzce,Tam zamanlı,7
Uzman Sistem Mühendisi,VOLT TEKNOLOJİ GELİŞTİRME VE MÜHENDİSLİK A.Ş.,İzmir,Tam zamanlı,0
Sistem Entegrasyon ve Test Mühendisi,ASELSAN ELEKTRONİK SANAYİ VE TİC.A.Ş.,Ankara,Tam zamanlı,28
Sistem Mühendisi,METEKSAN SAVUNMA SANAYİ A.Ş.,İstanbul (Tümü),Tam zamanlı,25
Sistem Mühendisi,BPM XCHANGE DANIŞMANLIK EĞT.YAZ. TİC.LTD.ŞTİ.,Ankara,Tam zamanlı,12
Test ve Tasarım Doğrulama Sistem Mühendisi,BMC POWER Motor ve Kontrol Teknolojileri A.Ş.,İstanbul(Asya),Tam zamanlı,5
Güvenlik Sistemleri Mühendisi,Proline Bilişim Sistemleri ve Tic. A.Ş.,İstanbul (Tümü),Tam zamanlı,2
Sistem Mühendisi,SERSİM DAYANIKLI TÜKETİM MALLARI SANAYİ VE TİCARET KOLLEKTİF ŞİRKETİ İBRAHİM VE MUSTAFA USTAOĞLU,Kayseri,Tam zamanlı,0
Sistem Mühendisi,Berkin Savunma Sanayi Müh. Tic. A.Ş,İstanbul(Asya),Tam zamanlı,0
System Engineer - Application,Valeo Ticari Taşıtlar Termo Sistemleri A.Ş,İstanbul(Avr.),Tam zamanlı,0
Microsoft Platformları Danışmanı,KoçSistem,Ankara,Tam zamanlı,11
Sistem Mühendisi,EHSİM ELEKTRONİK HARP SİST.MÜH.TİC.A.Ş.,Ankara,Tam zamanlı,10
Sistem Mühendisi,ONUR YÜKSEK TEKNOLOJİ ANONİM ŞİRKETİ,Ankara,Tam zamanlı,3
Sistem Mühendisi,İNTERDATA VERİ MERKEZİ VE ENTEGRASYON HİZMETLERİ A.Ş,İstanbul(Asya),Tam zamanlı,0
Order Validation Engineer,YAZAKİ SYSTEMS TECHNOLOGİES TURKEY OTO.SAN. VE TİC. LTD.ŞTİ.,Kocaeli,Tam zamanlı,7
Data Warehouse- ETL Developer,Teleperformance Türkiye,İstanbul(Avr.),Tam zamanlı,19
Veri Ambarı & Büyük Veri Uzmanı / Kıdemli Uzmanı,Türk Telekom,İstanbul (Tümü),Tam zamanlı,27
Data Warehouse Engineer,ERKA ETKİNLİK VE TURİZM ANONİM ŞİRKETİ,İstanbul(Asya),Tam zamanlı,0
Veri Ambarı ve Raporlama Uzmanı,Randstad Türkiye,İstanbul (Tümü),Tam zamanlı,26
Veri Ambarı Uzmanı,Kuzey Kıbrıs Turkcell,Lefkoşa +2 il daha,Tam zamanlı,14
Data Warehouse Analyst,Teleperformance Türkiye,İstanbul(Avr.),Tam zamanlı,19
Donanım Mühendisi,Lentatek Uzay Havacılık ve Teknoloji A.Ş.,İstanbul(Asya),Tam zamanlı,7
Elektronik Donanım Tasarım Mühendisi,İNTERDATA VERİ MERKEZİ VE ENTEGRASYON HİZMETLERİ A.Ş,Ankara,Tam zamanlı,0
Elektronik Donanım Mühendisi,FARBA OTOMOTİV ANONİM ŞİRKETİ,Kocaeli,Tam zamanlı,17
RF Donanım Tasarım Mühendisi,Tron Elektronik Sistemler A.Ş.,İstanbul(Asya),Tam zamanlı,19
Full Stack Web Developer,Minerva Yazılım,İstanbul(Avr.),Tam zamanlı,5
Web Geliştirme Uzmanı,Smart Servis A.ş,İstanbul(Asya),Tam zamanlı,0
Web Developer,MSS Dijital Pazarlama ve Danışmanlık Ltd. Şti.,İstanbul(Asya),Tam zamanlı,21
Web Geliştirme Uzmanı,Clinicexpert.net,İstanbul(Avr.),Tam zamanlı,0
Web Geliştirme Uzmanı,TUS-DATA YAYINCILIK.EĞT.DANŞ.SAĞ.VE BİLGHİZ.SAN.TİC.A.Ş.,Ankara,Tam zamanlı,7
Web Siteleri İçerik Sorumlusu,İNTEGRAL ENTEGRE YAPI TEKNOLOJİLERİ SAN. VE TİC. LTD.ŞTİ.,İstanbul(Avr.),Tam zamanlı,0
Web Master,Sektöründe Öncü Firma,İstanbul(Avr.),Tam zamanlı,3
Web Uzmanı,İstanbul Okan Üniversitesi,İstanbul(Asya),Tam zamanlı,0
Senior Full Stack Developer,EnginSoft Turkey,Sakarya +1 il daha,Tam zamanlı,0
Yetiştirilmek Üzere Yazılım Geliştirme Uzmanı,T.C. ÜSKÜDAR ÜNİVERSİTESİ,İstanbul(Asya),Tam zamanlı,0
The Integration and Implementation Consultant,Pearson Eğitim Çözümleri Tic. Ltd. Şti.,İstanbul (Tümü),Tam zamanlı,6
Mobil Uygulama Geliştiricisi (%100 Uzaktan),Mentornity,İstanbul (Tümü) +3 il daha,Tam zamanlı,25
Kıdemli IOS ve Android Mobil Uygulama Geliştirici,ONUSS Bilg. Yaz. Dan. ve Dış Tic Ltd Şti.,İstanbul(Avr.),Tam zamanlı,0
Yazılım Geliştirme Uzmanı (Mobil Uygulamalar),Sütaş Süt Ürünleri A.Ş.,İstanbul(Asya),Tam zamanlı,0
Mobil Uygulama Geliştiricisi,HC YAZILIM BİLİŞİM SANAYİ TİCARET VE LİMTED ŞİRKETİ,İzmir,Tam zamanlı,24
Senior Back End Developer,Bringo Teknoloji ve Hizmet A.Ş,İstanbul(Asya),Tam zamanlı,21
React Native Developer,Tatilsepeti.com,İstanbul(Avr.),Tam zamanlı,7
Mobil Uygulama Geliştiricisi,Hobitek Teknoloji Hizmetleri LTD. ŞTİ.,İzmir,Tam zamanlı,20
Mobil Uygulama Geliştiricisi,CBKSoft Yazılım Donanım Ltd. Şti.,Ankara,Tam zamanlı,21
Mobil Uygulama Geliştiricisi Android ve iOS,AltF4 Yazılım Reklam Danışmanlık,Adana,Tam zamanlı,17
Mobil Uygulama Geliştiricisi,techasaY,"İstanbul (Tümü), İzmir",Tam zamanlı,6
Kıdemli Android Uygulama Geliştiricisi,PATİKA GLOBAL TEKNOLOJİ BİLGİ SİSTEMLERİ VE DANIŞMANLIK HİZMETLERİ ANONİM ŞİRKETİ,Ankara,Tam zamanlı,0
Mobil Uygulama Geliştiricisi[Ios],Utarit Bilişim Hizmetleri Sanayi ve Ticaret .A.ş,Ankara,Tam zamanlı,28
Mobil Uygulama Geliştiricisi,LuceSoft,İstanbul (Tümü),Tam zamanlı,24
Mobil Uygulama Geliştiricisi (Flutter),TUS-DATA YAYINCILIK.EĞT.DANŞ.SAĞ.VE BİLGHİZ.SAN.TİC.A.Ş.,Ankara,Tam zamanlı,7
Mobil Yazılım Uzmanı,Horoz Lojistik Kargo Hizmetleri ve Tic. A.Ş.,İstanbul(Avr.),Tam zamanlı,0
Mobile Developer,Firma Bilgisi Gizli,Ankara,Tam zamanlı,11
Mobile Developer,LEDBİM BİLİŞİM DANIŞMANLIK VE TİCARET ANONİM ŞİRKETİ,Antalya,Tam zamanlı,10
Mobil Takım Lideri,Seyir Mobil Yazılım Elektronik Otomasyon Sistemler,Kocaeli,Tam zamanlı,0
Front End Developer,MS TEKNOLOJİ TİCARET LİMİTED ŞİRKETİ,İstanbul(Asya),Tam zamanlı,24
Web Yazılım Geliştirici,Eliar Elektronik San. A.Ş.,İstanbul(Avr.),Tam zamanlı,3
Javascript Developer,Sebit,Ankara,Tam zamanlı,12
Bilgi Teknolojileri İş Ortağı,Aktek Bilgi İletişim Teknolojisi Sanayi ve Ticaret A.Ş.,"İstanbul (Tümü), Yalova",Tam zamanlı,28
BT Bölge Destek Stajyeri Edirne,Turkcell Global Bilgi,Edirne,Tam zamanlı,20
Bilgi Teknolojileri Stajyeri,ODAŞ ELEKTRİK ÜRETİM SANAYİ VE TİCARET A.Ş.,İstanbul(Asya),Part Time,7
IT Intern,Doğadan Gıda Ürünleri San. ve Paz. A.Ş.,Ankara,Part Time,18
BT Operasyon Management Trainee,Şölen Çikolata Gıda San. ve Tic. A.Ş.,"İstanbul(Avr.), Gaziantep",Tam zamanlı,13
İş Zekası Mühendisi,Sompo Sigorta A.Ş.,İstanbul(Asya),Tam zamanlı,41
Database Yönetim Uzman Yardımcısı,Acıbadem Sağlık Grubu,İstanbul(Asya),Tam zamanlı,14
Database Specialist,Gelecek Varlık Yönetimi A.Ş.,İstanbul(Avr.),Tam zamanlı,0
Veritabanı Uzmanı,Sigorta Bilgi ve Gözetim Merkezi,Ankara,Tam zamanlı,21
Veri Tabanı Uzmanı,STAR ALÜMİNYUM PAZARLAMA SANAYİ VE TİCARET ANONİM ŞİRKETİ,İstanbul(Avr.),Tam zamanlı,3
Veri Tabanı Uzmanı,Sakarya Elektrik Dağıtım A.Ş. Sedaş,Sakarya,Tam zamanlı,25
Kıdemli Veri Tabanı Uzmanı,Netaş Telekomünikasyon A.Ş,İstanbul(Asya),Tam zamanlı,17
Mssql Veri Tabanı Uzmanı,BiSoft Bilgi Teknolojileri A.Ş.,Ankara,Tam zamanlı,0
Veri Tabanı Uzmanı,ASLANLAR NAKLİYAT TAAH.PETR.PAZ.VE TİC.LTD.ŞTİ,Ankara,Tam zamanlı,3
Veri Tabanı Uzmanı,Bezmialem Vakıf Üniversitesi,İstanbul(Avr.),Tam zamanlı,0
Database Administrator,PAYCORE ÖDEME HİZMETLERİ TAKAS VE MUTABAKAT SİSTEMLERİ A.Ş.,İstanbul(Avr.),Tam zamanlı,25
Yazılım Destek Elemanı,SERDAR ÇELİK - ATAK BİLGİSAYAR,Gaziantep,Tam zamanlı,6
Oracle ODI Teknik Asistanı,TOYPA MAĞAZACILIK TİC. A.Ş.,İstanbul(Asya),Tam zamanlı,5
Yazılım (Hbys) Destek Uzmanı,Memorial Sağlık Grubu,İstanbul(Avr.),Tam zamanlı,0
Yazılım Destek Elemanı (Deneyimli/Deneyimsiz),TEPRO MAKİNA VE OTOMASYON SİSTEMLERİ SAN.VE TİC.A.Ş.,Kocaeli,Tam zamanlı,27
Yazılım Destek Elemanı,MİKRO TEKNİK KİMYEVİ MADDELER LTD. ŞTİ.,Kocaeli,Tam zamanlı,3
Yazılım Destek Elemanı,LİMA İÇ GİYİM SANAYİ VE TİCARET A.Ş,İstanbul(Asya),Tam zamanlı,21
Linux Sistem Uzmanı,Arma Group Holding,Kocaeli +1 il daha,Tam zamanlı,26
Kıdemli Linux Sistem Uzmanı,Pegasus Havayolları A.Ş.,İstanbul(Asya),Tam zamanlı,6
Lisanslama Uzmanı,MESAM (Türkiye Musıki Eseri Sahipleri Mes. Birliği,İstanbul (Tümü),Tam zamanlı,14
PHP Geliştirici,Dora Bilişim Teknolojileri,Bursa,Tam zamanlı,0
PHP Developer,İnova Akademi Bilişim ve Eğitim Hizmetleri,Ankara,Tam zamanlı,20
Senior PHP Developer,HASEL İSTİF MAKİNALARI SAN.VE TİC.A.Ş.,İstanbul(Asya),Tam zamanlı,6
PHP Geliştirici - Developer,PHOENİX AKADEMİ DANIŞMANLIK YAYINCILIK EĞİTİM HİZMETLERİ OTO.İNŞ.EML.TUR.İTH.İHR.SAN.VE TİC.LTD.ŞTİ.,Antalya,Tam zamanlı,3
Sr. PHP Developer,Hi e-learning,İstanbul(Asya),Tam zamanlı,0
PHP Developer,KARACA ZÜCCACİYE TİCARET VE SAN A.Ş.,İstanbul(Avr.),Tam zamanlı,0
Backend PHP Developer,TERMİTRAL KESİCİ TAKIMLAR İMALAT SANAYİ VE TİCARET ANONİM ŞİRKETİ,İstanbul(Avr.),Tam zamanlı,7
Frontend Developer (Angular),ETHIC HR Consulting,İstanbul (Tümü) +20 il daha,Tam zamanlı,2
Front-End Developer,ENGLISH HOME,İstanbul(Asya),Tam zamanlı,0
Frontend Developer,Amaris Engineering & High Technologies,İstanbul (Tümü),Tam zamanlı,21
Frontend Developer,CyanGate,Ankara,Tam zamanlı,10
Front End Developer,Moda Selvim,İstanbul(Avr.),Tam zamanlı,0
Web Önyüz Geliştirici,Mikrokom Yazılım,Ankara,Tam zamanlı,0
Web Önyüz Geliştirme Uzmanı,SOFT ROBOTİCS İNOVASYON YAZILIM VE DANIŞMANLIK ANONİM ŞİRKETİ,İstanbul(Avr.),Tam zamanlı,11
Önyüz (Frontend) Geliştirme Uzmanı,Sebit,Ankara,Tam zamanlı,12
Frontend Developer,Taha Giyim San. Ve Tic. A.Ş.,İstanbul (Tümü),Tam zamanlı,0
Front End Developer,Flo Mağazacılık ve Pazarlama A.Ş.,İstanbul(Avr.),Tam zamanlı,0
Frontend Developer,DIGITURK,İstanbul(Avr.),Tam zamanlı,0
Frontend Yazılım Uzmanı,LC Waikiki,İstanbul(Avr.),Tam zamanlı,0
Web Önyüz Geliştirme Uzmanı,Datateam Bilgi Teknolojileri Ltd. Şti.,Ankara,Tam zamanlı,0
Frontend Developer,Finartz Bilgi Teknolojileri A.Ş.,İstanbul (Tümü),Tam zamanlı,0
Front End Developer,Bimser Çözüm Yazılım Tic.A.Ş.,"İstanbul (Tümü), Kocaeli",Tam zamanlı,3
Front-End Developer,Jengal Yazılım,İstanbul(Asya),Tam zamanlı,3
Web Önyüz Geliştirme Uzmanı,NAR Sistem Teknoloji A.Ş.,İstanbul(Asya),Tam zamanlı,0
Web Developer,İNWEB YAZILIM TEKNOLOJİLERİ SANAYİ VE TİCARET LİMİTED ŞİRKETİ,Bursa,Tam zamanlı,27
Web Önyüz Geliştirme Uzmanı,EAE Elektrik Asansör Endüstri İnşaat San.ve Tic.,İstanbul(Avr.),Tam zamanlı,24
Web Yazılım Uzmanı,Assa Teknoloji Limited Şirketi,İstanbul(Avr.),Tam zamanlı,5
Web Yazılım Uzmanı,Acıbadem Mehmet Ali Aydınlar Üniversitesi,İstanbul(Asya),Tam zamanlı,0
Web Front-End Developer,PENINSULA TOURS TURİZM SEYAHAT ORGANİZASYON TİC.,Aydın,Tam zamanlı,3
Web Yazılım Uzmanı,COSMEDİCA ESTETİK TURİZM SAĞLIK HİZMETLERİ SANAYİ VE TİCARET LİMİTED ŞİRKETİ,İstanbul(Avr.),Tam zamanlı,0
Web Yazılım Uzmanı,Mikrodev Bilişim Yazılım Elektronik San.Tic.LTD.ŞT,"İstanbul(Asya), Kocaeli",Tam zamanlı,12
Web Yazılım Uzmanı,Gizli Firma,İstanbul(Asya),Tam zamanlı,6
Web Yazılım Uzmanı,AVRUPA CERRAHİ SAĞLIK MERKEZİ LTD.ŞTİ.,İstanbul(Avr.),Tam zamanlı,4
Web Yazılım Uzmanı,Bilgipark Yazılım,Ankara,Tam zamanlı,2
Web Yazılım Uzmanı,MY NFT BRANDS BİLİŞİM TEKNOLOJİLERİ,Antalya,Tam zamanlı,0
ASP.NET Mvc Developer,TEPRO MAKİNA VE OTOMASYON SİSTEMLERİ SAN.VE TİC.A.Ş.,"İstanbul (Tümü), Kocaeli",Tam zamanlı,27
Yazılım Destek Uzman Yardımcısı,Koton,İstanbul(Avr.),Tam zamanlı,0
Yazılım Proje Destek Uzmanı,Genbil Yazılım San ve Tic A.Ş.,İstanbul(Asya),Tam zamanlı,18
Yazılım Destek Uzman Yardımcısı,Ergosis Güvenlik Sistemleri Bilgisayar San.ve Tic. A.Ş,İstanbul(Asya),Tam zamanlı,0
DevOps Engineer,SIT Alemira,İstanbul(Avr.),Tam zamanlı,5
DevOps Engineer,Doruk,İstanbul (Tümü),Tam zamanlı,3
DevOps Architect,DIGITURK,İstanbul(Avr.),Tam zamanlı,0
DevOps Mühendisi,Evita Health,İstanbul(Avr.),Tam zamanlı,19
DevOps Mühendisi,DorukNet,İstanbul(Avr.),Tam zamanlı,0
DevOps (Aws) Engineer,Airties,İstanbul (Tümü),Tam zamanlı,0
DevOps Engineer – Hybrid,Siemens,Ankara,Tam zamanlı,8
Configuration Manager/DevOps (SVC),Siemens,İstanbul(Avr.),Tam zamanlı,8
Junior DevOps Mühendisi,KARACA ZÜCCACİYE TİCARET VE SAN A.Ş.,İstanbul(Avr.),Tam zamanlı,0
DevOps Engineer,KARACA ZÜCCACİYE TİCARET VE SAN A.Ş.,İstanbul(Avr.),Tam zamanlı,0
Senior DevOps Engineer,CyanGate,Ankara,Tam zamanlı,10
DevOps Engineer,Siemens,İstanbul(Avr.),Tam zamanlı,8
SAP ABAP Developer,MEBİTECH BİLİŞİM BİLG. HİZM. DANIŞMANLIK SAN. TİC,İstanbul(Avr.),Tam zamanlı,6
ABAP Yazılım Uzmanı,İstanbul Memorial Sağlık Yatırımları A.Ş.,İstanbul(Asya),Tam zamanlı,0
SAP ABAP Yazılım Uzmanı,Aromsa Besin Aroma Ve Katkı Maddeleri,Kocaeli,Tam zamanlı,3
Yazılım Destek Uzmanı,BESTERA YAZILIM DANIŞMANLIK SAN. TİC.LTDŞTİ,İstanbul(Avr.),Tam zamanlı,27
Yazılım Destek Uzmanı/Uzman Yardımcısı,Erdem Sağlık Grubu,İstanbul(Asya),Tam zamanlı,20
Yazılım Destek Uzmanı,Hazar Arıtım Proje İnşaat ve Taahhüt San. ve Tic.,İstanbul(Avr.),Tam zamanlı,0
Junior Backend Developer,MY NFT BRANDS BİLİŞİM TEKNOLOJİLERİ,Antalya,Tam zamanlı,0
MS Dyn 365 HR Consultant,İntelligent Systems Türkiye Yazılım ve Bilişim Hi,İstanbul(Asya),Tam zamanlı,0
Yazılım Geliştirme Destek Uzmanı,Bimser Çözüm Yazılım Tic.A.Ş.,Kocaeli,Tam zamanlı,0
Yazılım Destek Uzmanı (İstanbul),UNIVERA A.Ş.,İstanbul(Avr.),Tam zamanlı,14
Yazılım Destek Uzmanı (İstanbul),UNIVERA A.Ş.,İstanbul(Avr.),Tam zamanlı,14
Logo ERP Destek Uzmanı,Ekol Yazılım A.Ş.,Ankara,Tam zamanlı,0
Yazılım Destek Uzmanı,Medipol Üniversitesi Hastanesi,İstanbul (Tümü),Tam zamanlı,0
MS Dyn365 Supply Chain Consultant,İntelligent Systems Türkiye Yazılım ve Bilişim Hi,İstanbul(Asya),Tam zamanlı,0
MS Dyn 365 Bc / Nav Consultant,İntelligent Systems Türkiye Yazılım ve Bilişim Hi,İstanbul(Asya),Tam zamanlı,0
Yazılım Destek Uzmanı,Sistem Yazılım ArGe İthalat İhracat- Nergün Yalçınlar,İstanbul(Asya),Tam zamanlı,0
Yazılım Destek Uzmanı,İskefe Holding Anonim Şirketi,İstanbul(Asya),Tam zamanlı,14
Yazılım Uzmanı,ÖZEL ANTALYA ANADOLU HASTANELERİ,Antalya,Tam zamanlı,18
Yazılım Destek Uzmanı,Bimser Çözüm Yazılım Tic.A.Ş.,Kocaeli,Tam zamanlı,7
Yazılım Destek Uzmanı,MAVİLİ ELEKTRONİK TİC. SAN. AŞ.,İstanbul(Asya),Tam zamanlı,5
Yazılım Destek Uzmanı,SONİTEL BİLİŞİM SİSTEMLERİ SANAYİ TİCARET ANONİM ŞİRKETİ,İstanbul (Tümü),Tam zamanlı,3
Yazılım Destek Uzmanı,Endeks Bilişim Sanayi Ve Dış Ticaret A.Ş,İstanbul(Asya),Tam zamanlı,3
Yazılım Destek Uzmanı,MEDİCANA HASTANE İŞLETMECİLİĞİ A.Ş.,İstanbul(Asya),Tam zamanlı,0
Full Stack Developer,EKOL BAZ ÖZEL SAĞLIK HİZMETLERİ TİCARET A.Ş.,İzmir,Tam zamanlı,0
MS Dyn 365 Finance Consultant,İntelligent Systems Türkiye Yazılım ve Bilişim Hi,İstanbul(Asya),Tam zamanlı,0
Yazılım Destek Uzmanı,EVRİM YAZILIM VE DANIŞMANLIK TİCARET ANONİM ŞİRKETİ,İstanbul(Avr.),Tam zamanlı,0
Yazılım Destek Uzman Yardımcısı,Protel Bilgisayar A.Ş.,İstanbul (Tümü),Tam zamanlı,7
Yazılım Destek Uzmanı,T-Soft,İstanbul(Avr.),Tam zamanlı,4
Yazılım Destek Uzmanı,PERKOTEK TEKNOLOJİ DIŞ TİCARET ANONİM ŞİRKETİ,İstanbul(Avr.),Tam zamanlı,0
Yazılım ve Eğitim Destek Uzmanı,FONET BİLGİ TEKNOLOJİLERİ A.Ş.,Ankara,Tam zamanlı,0
Mikro ERP Destek Uzmanı,SDS SATIŞ DESTEK SİSTEMLERİ PAZARLAMA VE TİC.A.Ş.,İstanbul(Asya),Tam zamanlı,0
Yazılım Destek Uzmanı,True BİLİŞİM LTD.ŞTİ.,İstanbul(Avr.),Tam zamanlı,25
Yazılım Destek Uzmanı,BİLİN YAZILIM VE BİLİŞİM DANIŞMANLIĞI A.Ş.,İstanbul(Avr.),Tam zamanlı,7
Yazılım Destek Uzmanı -İstanbul,PROBEL YAZILIM VE BİLİŞİM SİSTEMLERİ A.Ş.,İstanbul(Avr.),Tam zamanlı,12
Yazılım Destek Uzmanı,HASTAVUK GIDA TARIMHAYVANCILIK SAN.VE TİC.A.Ş.,Bursa,Tam zamanlı,3
Yazılım Destek Uzmanı,Yüce Yazılım ve Danışmanlık Ltd. Şti.,İstanbul(Avr.),Tam zamanlı,6
Yazılım Destek Uzmanı,inavitas Enerji A.Ş.,Ankara,Tam zamanlı,0
Yazılım Destek Uzmanı,OKT TRAILER,Aydın,Tam zamanlı,0
Noc Operatörü,BDH Bilişim Destek Hizmetleri San. ve Tic. A.Ş.,İstanbul(Asya),Tam zamanlı,38
Inoc Teknik Destek Uzmanı,Turkcell Global Bilgi,İstanbul (Tümü) +2 il daha,Tam zamanlı,6
Aviyonik Sistem Mühendisi,STG Mühendislik Stratejik Teknolojiler Geliştirme ve Üretim A.Ş.,Ankara,Tam zamanlı,7
Aviyonik Yazılım Geliştirme Mühendisi,C Tech Bilişim Teknolojileri San. ve Tic. A.Ş.,Ankara,Tam zamanlı,0
Aviyonik Sistemler Müdürü,Lentatek Uzay Havacılık ve Teknoloji A.Ş.,Ankara,Tam zamanlı,7
Aviyonik Sistem Mühendisi,Lentatek Uzay Havacılık ve Teknoloji A.Ş.,Ankara,Tam zamanlı,7
Aviyonik Yazılım Doğrulama Mühendisi,C Tech Bilişim Teknolojileri San. ve Tic. A.Ş.,Ankara,Tam zamanlı,0
iOS Geliştirici,FDN SOFT BİLİŞİM TEKNOLOJİLERİ .SAN.TİC.LTD.ŞTİ.,Ankara,Tam zamanlı,19
iOS Geliştirici,Sebit,Ankara,Tam zamanlı,4
E - Ticaret Yönetisi,Hys Köroğlu Mağzacılık A.Ş.,Balıkesir,Tam zamanlı,20
SAP AR-GE ABAP Danışmanı,MBIS Danışmanlık,İstanbul (Tümü),Tam zamanlı,21
SAP ABAP / Fiori Danışmanı,MBIS Danışmanlık,İstanbul(Asya),Tam zamanlı,5
SAP ABAP Danışmanı Adayı,İmprova Bilişim Danışmanlık Hizmetleri Ticaret Limited Şirketi,İstanbul(Asya),Tam zamanlı,0
ABAP Developer in Antalya (M/F/D),All for One Steeb Yazılım Servisleri Limited Şirk,Antalya,Tam zamanlı,3
Sistem Mimarı,Teknosa İç ve Dış Ticaret A.Ş.,İstanbul(Asya),Tam zamanlı,27
Sistem ve Veritabanı Müdürü,CP Türkiye,İstanbul(Avr.),Tam zamanlı,4
Young Talent Programme,Tırsan Şirketler Grubu,İstanbul(Asya),Tam zamanlı,6
Cctv Mühendisi,Forte Bilgi ve İletişim Tek. San ve Tic.A.Ş.,Ankara,Tam zamanlı,11
Front-End Web Developer,BiletBayisi,Kocaeli,Tam zamanlı,5
Web Arayüz Geliştirici,Lazzoni Mobilya Sanayi Turizm ve İnşaat Anonim Şirketi,Ankara,Tam zamanlı,11
Web Arayüz Geliştirici,Mina Proje Yönetim Yazılım Danışmanlık,Kocaeli,Tam zamanlı,18
Yazılım Uzmanı (.Net),BARSAN GLOBAL LOJİSTİK A.Ş.,İstanbul (Tümü),Tam zamanlı,5
